name,series,tier,price,exterior,platform
AK-47 | Elite Build,Chroma 2 Case,Mil-Spec,8.19,BS,C5
AK-47 | Elite Build,Chroma 2 Case,Mil-Spec,59.9,FN,YOUPIN
AK-47 | Elite Build,Chroma 2 Case,Mil-Spec,10.8,FT,BUFF
AK-47 | Elite Build,Chroma 2 Case,Mil-Spec,19.14,MW,YOUPIN
AK-47 | Elite Build,Chroma 2 Case,Mil-Spec,8.76,WW,YOUPIN
AK-47 | Nightwish,Dreams & Nightmares Case,Covert,390.0,BS,BUFF
AK-47 | Nightwish,Dreams & Nightmares Case,Covert,1280.18,FN,HALOSKINS
AK-47 | Nightwish,Dreams & Nightmares Case,Covert,419.0,FT,BUFF
AK-47 | Nightwish,Dreams & Nightmares Case,Covert,462.0,MW,BUFF
AK-47 | Nightwish,Dreams & Nightmares Case,Covert,390.0,WW,BUFF
AK-47 | Redline,Operation Phoenix Weapon Case,Classified,193.55,BS,BUFF
AK-47 | Redline,Operation Phoenix Weapon Case,Classified,239.0,FT,BUFF
AK-47 | Redline,Operation Phoenix Weapon Case,Classified,1614.5,MW,C5
AK-47 | Redline,Operation Phoenix Weapon Case,Classified,193.0,WW,BUFF
AK-47 | Wasteland Rebel,Operation Vanguard Weapon Case,Covert,524.0,BS,YOUPIN
AK-47 | Wasteland Rebel,Operation Vanguard Weapon Case,Covert,3849.5,FN,YOUPIN
AK-47 | Wasteland Rebel,Operation Vanguard Weapon Case,Covert,584.99,FT,YOUPIN
AK-47 | Wasteland Rebel,Operation Vanguard Weapon Case,Covert,969.0,MW,YOUPIN
AK-47 | Wasteland Rebel,Operation Vanguard Weapon Case,Covert,554.5,WW,YOUPIN
AUG | Aristocrat,Gamma Case,Restricted,10.01,BS,C5
AUG | Aristocrat,Gamma Case,Restricted,30.79,FN,BUFF
AUG | Aristocrat,Gamma Case,Restricted,8.96,FT,BUFF
AUG | Aristocrat,Gamma Case,Restricted,13.44,MW,C5
AUG | Aristocrat,Gamma Case,Restricted,9.49,WW,YOUPIN
AUG | Tom Cat,Prisma 2 Case,Mil-Spec,0.97,BS,YOUPIN
AUG | Tom Cat,Prisma 2 Case,Mil-Spec,2.84,FN,BUFF
AUG | Tom Cat,Prisma 2 Case,Mil-Spec,1.1,FT,YOUPIN
AUG | Tom Cat,Prisma 2 Case,Mil-Spec,1.18,MW,BUFF
AUG | Tom Cat,Prisma 2 Case,Mil-Spec,1.0,WW,YOUPIN
AUG | Wings,CSGO Weapon Case,Mil-Spec,107.18,FN,C5
AUG | Wings,CSGO Weapon Case,Mil-Spec,115.5,MW,YOUPIN
AWP | Asiimov,Operation Phoenix Weapon Case,Covert,804.0,FT,YOUPIN
AWP | Capillary,Prisma 2 Case,Mil-Spec,2.8,BS,YOUPIN
AWP | Capillary,Prisma 2 Case,Mil-Spec,24.0,FN,BUFF
AWP | Capillary,Prisma 2 Case,Mil-Spec,2.88,FT,YOUPIN
AWP | Capillary,Prisma 2 Case,Mil-Spec,5.0,MW,YOUPIN
AWP | Capillary,Prisma 2 Case,Mil-Spec,4.37,WW,BUFF
AWP | Hyper Beast,Falchion Case,Covert,233.79,BS,BUFF
AWP | Hyper Beast,Falchion Case,Covert,1405.0,FN,C5
AWP | Hyper Beast,Falchion Case,Covert,249.52,FT,C5
AWP | Hyper Beast,Falchion Case,Covert,378.0,MW,BUFF
AWP | Hyper Beast,Falchion Case,Covert,229.49,WW,C5
AWP | Phobos,Gamma Case,Restricted,31.88,FN,BUFF
AWP | Phobos,Gamma Case,Restricted,14.8,FT,BUFF
AWP | Phobos,Gamma Case,Restricted,15.19,MW,BUFF
AWP | Phobos,Gamma Case,Restricted,24.0,WW,BUFF
AWP | Worm God,Chroma 2 Case,Restricted,28.25,FN,C5
AWP | Worm God,Chroma 2 Case,Restricted,12.2,FT,BUFF
AWP | Worm God,Chroma 2 Case,Restricted,16.0,MW,BUFF
AWP | Worm God,Chroma 2 Case,Restricted,14.9,WW,BUFF
CZ75-Auto | Distressed,Prisma 2 Case,Mil-Spec,0.73,BS,BUFF
CZ75-Auto | Distressed,Prisma 2 Case,Mil-Spec,1.03,FT,BUFF
CZ75-Auto | Distressed,Prisma 2 Case,Mil-Spec,0.76,WW,BUFF
CZ75-Auto | Pole Position,Chroma 2 Case,Restricted,7.9,BS,YOUPIN
CZ75-Auto | Pole Position,Chroma 2 Case,Restricted,28.99,FN,YOUPIN
CZ75-Auto | Pole Position,Chroma 2 Case,Restricted,8.25,FT,YOUPIN
CZ75-Auto | Pole Position,Chroma 2 Case,Restricted,12.86,MW,C5
CZ75-Auto | Pole Position,Chroma 2 Case,Restricted,8.79,WW,BUFF
CZ75-Auto | The Fuschia Is Now,CSGO Weapon Case 3,Classified,229.0,FN,YOUPIN
CZ75-Auto | The Fuschia Is Now,CSGO Weapon Case 3,Classified,140.0,FT,C5
CZ75-Auto | The Fuschia Is Now,CSGO Weapon Case 3,Classified,140.0,MW,BUFF
CZ75-Auto | The Fuschia Is Now,CSGO Weapon Case 3,Classified,162.13,WW,STEAM
CZ75-Auto | Victoria,CSGO Weapon Case 3,Covert,469.0,BS,YOUPIN
CZ75-Auto | Victoria,CSGO Weapon Case 3,Covert,641.5,FN,BUFF
CZ75-Auto | Victoria,CSGO Weapon Case 3,Covert,480.5,FT,C5
CZ75-Auto | Victoria,CSGO Weapon Case 3,Covert,539.0,MW,YOUPIN
CZ75-Auto | Victoria,CSGO Weapon Case 3,Covert,480.0,WW,C5
Desert Eagle | Blue Ply,Prisma 2 Case,Mil-Spec,1.52,BS,YOUPIN
Desert Eagle | Blue Ply,Prisma 2 Case,Mil-Spec,15.0,FN,BUFF
Desert Eagle | Blue Ply,Prisma 2 Case,Mil-Spec,2.0,FT,YOUPIN
Desert Eagle | Blue Ply,Prisma 2 Case,Mil-Spec,3.35,MW,C5
Desert Eagle | Blue Ply,Prisma 2 Case,Mil-Spec,1.72,WW,YOUPIN
Desert Eagle | Bronze Deco,Chroma 2 Case,Mil-Spec,4.17,BS,BUFF
Desert Eagle | Bronze Deco,Chroma 2 Case,Mil-Spec,4.0,FN,C5
Desert Eagle | Bronze Deco,Chroma 2 Case,Mil-Spec,1.23,FT,BUFF
Desert Eagle | Bronze Deco,Chroma 2 Case,Mil-Spec,2.07,MW,YOUPIN
Desert Eagle | Bronze Deco,Chroma 2 Case,Mil-Spec,1.69,WW,BUFF
Desert Eagle | Conspiracy,Operation Breakout Weapon Case,Classified,162.95,FN,BUFF
Desert Eagle | Conspiracy,Operation Breakout Weapon Case,Classified,104.29,FT,C5
Desert Eagle | Conspiracy,Operation Breakout Weapon Case,Classified,107.4,MW,C5
Desert Eagle | Heirloom,CSGO Weapon Case 3,Restricted,36.9,BS,BUFF
Desert Eagle | Heirloom,CSGO Weapon Case 3,Restricted,520.0,FN,C5
Desert Eagle | Heirloom,CSGO Weapon Case 3,Restricted,35.0,FT,BUFF
Desert Eagle | Heirloom,CSGO Weapon Case 3,Restricted,60.0,MW,BUFF
Desert Eagle | Heirloom,CSGO Weapon Case 3,Restricted,59.0,WW,BUFF
Dual Berettas | Melondrama,Dreams & Nightmares Case,Classified,38.7,BS,BUFF
Dual Berettas | Melondrama,Dreams & Nightmares Case,Classified,130.0,FN,BUFF
Dual Berettas | Melondrama,Dreams & Nightmares Case,Classified,40.0,FT,BUFF
Dual Berettas | Melondrama,Dreams & Nightmares Case,Classified,57.0,MW,BUFF
Dual Berettas | Melondrama,Dreams & Nightmares Case,Classified,38.97,WW,C5
FAMAS | Doomkitty,ESports 2013 Case,Mil-Spec,25.99,FT,BUFF
FAMAS | Doomkitty,ESports 2013 Case,Mil-Spec,29.49,MW,BUFF
FAMAS | Macabre,Operation Hydra Case,Mil-Spec,53.0,FN,YOUPIN
FAMAS | Macabre,Operation Hydra Case,Mil-Spec,26.59,FT,C5
FAMAS | Macabre,Operation Hydra Case,Mil-Spec,41.0,MW,YOUPIN
FAMAS | Rapid Eye Movement,Dreams & Nightmares Case,Classified,39.0,BS,C5
FAMAS | Rapid Eye Movement,Dreams & Nightmares Case,Classified,127.98,FN,BUFF
FAMAS | Rapid Eye Movement,Dreams & Nightmares Case,Classified,40.0,FT,YOUPIN
FAMAS | Rapid Eye Movement,Dreams & Nightmares Case,Classified,56.0,MW,C5
FAMAS | Rapid Eye Movement,Dreams & Nightmares Case,Classified,39.04,WW,C5
FAMAS | Sergeant,Operation Phoenix Weapon Case,Restricted,14.75,BS,YOUPIN
FAMAS | Sergeant,Operation Phoenix Weapon Case,Restricted,22.64,FT,BUFF
FAMAS | Sergeant,Operation Phoenix Weapon Case,Restricted,102.0,MW,YOUPIN
FAMAS | Sergeant,Operation Phoenix Weapon Case,Restricted,17.8,WW,BUFF
Five-SeveN | Copper Galaxy,CSGO Weapon Case 3,Restricted,79.48,FN,BUFF
Five-SeveN | Copper Galaxy,CSGO Weapon Case 3,Restricted,86.9,FT,BUFF
Five-SeveN | Copper Galaxy,CSGO Weapon Case 3,Restricted,79.99,MW,YOUPIN
Five-SeveN | Fowl Play,Operation Breakout Weapon Case,Classified,105.47,BS,C5
Five-SeveN | Fowl Play,Operation Breakout Weapon Case,Classified,390.0,FN,BUFF
Five-SeveN | Fowl Play,Operation Breakout Weapon Case,Classified,113.58,FT,C5
Five-SeveN | Fowl Play,Operation Breakout Weapon Case,Classified,142.0,MW,YOUPIN
Five-SeveN | Fowl Play,Operation Breakout Weapon Case,Classified,110.65,WW,C5
Five-SeveN | Urban Hazard,Operation Vanguard Weapon Case,Mil-Spec,12.12,FT,YOUPIN
Five-SeveN | Urban Hazard,Operation Vanguard Weapon Case,Mil-Spec,15.78,MW,C5
G3SG1 | Flux,Shadow Case,Classified,46.16,BS,C5
G3SG1 | Flux,Shadow Case,Classified,45.77,FT,BUFF
G3SG1 | Flux,Shadow Case,Classified,89.0,MW,BUFF
G3SG1 | Flux,Shadow Case,Classified,49.0,WW,C5
Galil AR | Chromatic Aberration,Snakebite Case,Classified,21.64,BS,YOUPIN
Galil AR | Chromatic Aberration,Snakebite Case,Classified,338.0,FN,BUFF
Galil AR | Chromatic Aberration,Snakebite Case,Classified,23.8,FT,BUFF
Galil AR | Chromatic Aberration,Snakebite Case,Classified,46.7,MW,BUFF
Galil AR | Chromatic Aberration,Snakebite Case,Classified,23.0,WW,BUFF
Glock-18 | Catacombs,Chroma Case,Mil-Spec,4.5,BS,BUFF
Glock-18 | Catacombs,Chroma Case,Mil-Spec,7.84,FN,YOUPIN
Glock-18 | Catacombs,Chroma Case,Mil-Spec,2.96,FT,YOUPIN
Glock-18 | Catacombs,Chroma Case,Mil-Spec,4.19,MW,BUFF
Glock-18 | Catacombs,Chroma Case,Mil-Spec,3.36,WW,BUFF
Glock-18 | Grinder,Operation Vanguard Weapon Case,Restricted,31.1,FN,BUFF
Glock-18 | Grinder,Operation Vanguard Weapon Case,Restricted,14.35,FT,YOUPIN
Glock-18 | Grinder,Operation Vanguard Weapon Case,Restricted,13.89,MW,YOUPIN
Glock-18 | Water Elemental,Operation Breakout Weapon Case,Classified,104.11,BS,C5
Glock-18 | Water Elemental,Operation Breakout Weapon Case,Classified,258.0,FN,BUFF
Glock-18 | Water Elemental,Operation Breakout Weapon Case,Classified,108.5,FT,BUFF
Glock-18 | Water Elemental,Operation Breakout Weapon Case,Classified,119.66,MW,BUFF
Glock-18 | Water Elemental,Operation Breakout Weapon Case,Classified,114.51,WW,C5
M249 | System Lock,Chroma Case,Mil-Spec,1.41,BS,BUFF
M249 | System Lock,Chroma Case,Mil-Spec,7.95,FN,YOUPIN
M249 | System Lock,Chroma Case,Mil-Spec,1.84,FT,YOUPIN
M249 | System Lock,Chroma Case,Mil-Spec,3.84,MW,BUFF
M249 | System Lock,Chroma Case,Mil-Spec,2.03,WW,BUFF
M4A1-S | Basilisk,Operation Vanguard Weapon Case,Restricted,52.0,BS,BUFF
M4A1-S | Basilisk,Operation Vanguard Weapon Case,Restricted,258.99,FN,BUFF
M4A1-S | Basilisk,Operation Vanguard Weapon Case,Restricted,52.0,FT,YOUPIN
M4A1-S | Basilisk,Operation Vanguard Weapon Case,Restricted,66.53,MW,BUFF
M4A1-S | Basilisk,Operation Vanguard Weapon Case,Restricted,59.9,WW,BUFF
M4A1-S | Cyrex,Operation Breakout Weapon Case,Covert,1020.26,BS,C5
M4A1-S | Cyrex,Operation Breakout Weapon Case,Covert,1690.0,FN,C5
M4A1-S | Cyrex,Operation Breakout Weapon Case,Covert,1104.0,FT,C5
M4A1-S | Cyrex,Operation Breakout Weapon Case,Covert,1177.0,MW,C5
M4A1-S | Cyrex,Operation Breakout Weapon Case,Covert,1039.48,WW,C5
M4A1-S | Dark Water,CSGO Weapon Case,Restricted,492.94,FT,C5
M4A1-S | Dark Water,CSGO Weapon Case,Restricted,763.93,MW,YOUPIN
M4A1-S | Golden Coil,Shadow Case,Covert,310.0,BS,C5
M4A1-S | Golden Coil,Shadow Case,Covert,2625.0,FN,YOUPIN
M4A1-S | Golden Coil,Shadow Case,Covert,469.0,FT,BUFF
M4A1-S | Golden Coil,Shadow Case,Covert,836.0,MW,BUFF
M4A1-S | Golden Coil,Shadow Case,Covert,374.5,WW,BUFF
M4A4 | Desolate Space,Gamma Case,Classified,79.8,BS,YOUPIN
M4A4 | Desolate Space,Gamma Case,Classified,915.0,FN,C5
M4A4 | Desolate Space,Gamma Case,Classified,102.0,FT,BUFF
M4A4 | Desolate Space,Gamma Case,Classified,224.9,MW,C5
M4A4 | Desolate Space,Gamma Case,Classified,84.49,WW,BUFF
M4A4 | Faded Zebra,ESports 2013 Case,Mil-Spec,30.01,BS,BUFF
M4A4 | Faded Zebra,ESports 2013 Case,Mil-Spec,310.0,FN,YOUPIN
M4A4 | Faded Zebra,ESports 2013 Case,Mil-Spec,25.71,FT,YOUPIN
M4A4 | Faded Zebra,ESports 2013 Case,Mil-Spec,39.79,MW,C5
M4A4 | Faded Zebra,ESports 2013 Case,Mil-Spec,31.92,WW,STEAM
M4A4 | Griffin,Operation Vanguard Weapon Case,Restricted,20.2,BS,C5
M4A4 | Griffin,Operation Vanguard Weapon Case,Restricted,384.0,FN,C5
M4A4 | Griffin,Operation Vanguard Weapon Case,Restricted,20.72,FT,YOUPIN
M4A4 | Griffin,Operation Vanguard Weapon Case,Restricted,42.79,MW,BUFF
M4A4 | Griffin,Operation Vanguard Weapon Case,Restricted,34.3,WW,BUFF
M4A4 | In Living Color,Snakebite Case,Covert,183.4,BS,C5
M4A4 | In Living Color,Snakebite Case,Covert,1705.0,FN,YOUPIN
M4A4 | In Living Color,Snakebite Case,Covert,220.38,FT,HALOSKINS
M4A4 | In Living Color,Snakebite Case,Covert,467.8,MW,C5
M4A4 | In Living Color,Snakebite Case,Covert,208.4,WW,C5
MAC-10 | Disco Tech,Prisma 2 Case,Classified,236.9,FN,BUFF
MAC-10 | Disco Tech,Prisma 2 Case,Classified,50.5,MW,YOUPIN
MAC-10 | Heat,Operation Phoenix Weapon Case,Restricted,16.64,BS,BUFF
MAC-10 | Heat,Operation Phoenix Weapon Case,Restricted,103.0,FN,YOUPIN
MAC-10 | Heat,Operation Phoenix Weapon Case,Restricted,20.8,FT,YOUPIN
MAC-10 | Heat,Operation Phoenix Weapon Case,Restricted,46.0,MW,BUFF
MAC-10 | Heat,Operation Phoenix Weapon Case,Restricted,17.79,WW,YOUPIN
MAG-7 | Heat,Chroma 2 Case,Restricted,7.8,BS,YOUPIN
MAG-7 | Heat,Chroma 2 Case,Restricted,47.0,FN,BUFF
MAG-7 | Heat,Chroma 2 Case,Restricted,8.62,FT,BUFF
MAG-7 | Heat,Chroma 2 Case,Restricted,13.5,MW,BUFF
MAG-7 | Heat,Chroma 2 Case,Restricted,8.3,WW,YOUPIN
MAG-7 | Heaven Guard,Operation Phoenix Weapon Case,Mil-Spec,5.96,FN,BUFF
MAG-7 | Heaven Guard,Operation Phoenix Weapon Case,Mil-Spec,2.57,FT,BUFF
MAG-7 | Heaven Guard,Operation Phoenix Weapon Case,Mil-Spec,3.58,MW,YOUPIN
MAG-7 | Heaven Guard,Operation Phoenix Weapon Case,Mil-Spec,3.29,WW,BUFF
MAG-7 | Memento,ESports 2013 Case,Mil-Spec,48.0,FN,YOUPIN
MAG-7 | Memento,ESports 2013 Case,Mil-Spec,39.75,FT,BUFF
MAG-7 | Memento,ESports 2013 Case,Mil-Spec,44.4,MW,BUFF
MP5-SD | Desert Strike,Prisma 2 Case,Mil-Spec,0.77,BS,BUFF
MP5-SD | Desert Strike,Prisma 2 Case,Mil-Spec,4.83,FN,BUFF
MP5-SD | Desert Strike,Prisma 2 Case,Mil-Spec,0.89,FT,C5
MP5-SD | Desert Strike,Prisma 2 Case,Mil-Spec,1.25,MW,BUFF
MP5-SD | Desert Strike,Prisma 2 Case,Mil-Spec,0.69,WW,BUFF
MP7 | Abyssal Apparition,Dreams & Nightmares Case,Classified,38.8,BS,BUFF
MP7 | Abyssal Apparition,Dreams & Nightmares Case,Classified,134.5,FN,YOUPIN
MP7 | Abyssal Apparition,Dreams & Nightmares Case,Classified,41.0,FT,C5
MP7 | Abyssal Apparition,Dreams & Nightmares Case,Classified,56.88,MW,BUFF
MP7 | Abyssal Apparition,Dreams & Nightmares Case,Classified,39.54,WW,C5
MP7 | Armor Core,Chroma 2 Case,Mil-Spec,1.35,BS,BUFF
MP7 | Armor Core,Chroma 2 Case,Mil-Spec,4.17,FN,C5
MP7 | Armor Core,Chroma 2 Case,Mil-Spec,1.31,FT,BUFF
MP7 | Armor Core,Chroma 2 Case,Mil-Spec,2.47,MW,C5
MP7 | Armor Core,Chroma 2 Case,Mil-Spec,1.54,WW,BUFF
MP7 | Skulls,CSGO Weapon Case,Mil-Spec,101.8,FT,BUFF
MP7 | Skulls,CSGO Weapon Case,Mil-Spec,105.78,MW,C5
MP9 | Deadly Poison,Chroma Case,Mil-Spec,2.0,BS,YOUPIN
MP9 | Deadly Poison,Chroma Case,Mil-Spec,18.0,FN,BUFF
MP9 | Deadly Poison,Chroma Case,Mil-Spec,3.07,FT,C5
MP9 | Deadly Poison,Chroma Case,Mil-Spec,6.1,MW,C5
MP9 | Deadly Poison,Chroma Case,Mil-Spec,2.08,WW,YOUPIN
MP9 | Food Chain,Snakebite Case,Classified,21.98,BS,YOUPIN
MP9 | Food Chain,Snakebite Case,Classified,151.0,FN,YOUPIN
MP9 | Food Chain,Snakebite Case,Classified,24.09,FT,BUFF
MP9 | Food Chain,Snakebite Case,Classified,48.0,MW,BUFF
MP9 | Food Chain,Snakebite Case,Classified,23.0,WW,BUFF
MP9 | Starlight Protector,Dreams & Nightmares Case,Covert,394.45,BS,C5
MP9 | Starlight Protector,Dreams & Nightmares Case,Covert,688.0,FN,YOUPIN
MP9 | Starlight Protector,Dreams & Nightmares Case,Covert,418.47,FT,C5
MP9 | Starlight Protector,Dreams & Nightmares Case,Covert,454.9,MW,C5
MP9 | Starlight Protector,Dreams & Nightmares Case,Covert,400.0,WW,BUFF
Negev | Man-o'-war,Chroma 2 Case,Mil-Spec,1.59,FT,BUFF
Negev | Man-o'-war,Chroma 2 Case,Mil-Spec,1.54,MW,C5
Negev | Terrain,Operation Phoenix Weapon Case,Mil-Spec,2.67,WW,BUFF
Nova | Antique,Operation Phoenix Weapon Case,Classified,86.98,FN,BUFF
Nova | Antique,Operation Phoenix Weapon Case,Classified,84.9,FT,C5
Nova | Antique,Operation Phoenix Weapon Case,Classified,75.3,MW,BUFF
P2000 | Acid Etched,Prisma 2 Case,Restricted,3.5,BS,BUFF
P2000 | Acid Etched,Prisma 2 Case,Restricted,41.5,FN,YOUPIN
P2000 | Acid Etched,Prisma 2 Case,Restricted,3.74,FT,BUFF
P2000 | Acid Etched,Prisma 2 Case,Restricted,8.17,MW,BUFF
P2000 | Acid Etched,Prisma 2 Case,Restricted,3.44,WW,BUFF
P2000 | Fire Elemental,Operation Vanguard Weapon Case,Covert,740.5,FN,HALOSKINS
P2000 | Imperial Dragon,Gamma Case,Classified,73.11,BS,HALOSKINS
P2000 | Imperial Dragon,Gamma Case,Classified,276.0,FN,YOUPIN
P2000 | Imperial Dragon,Gamma Case,Classified,86.5,FT,YOUPIN
P2000 | Imperial Dragon,Gamma Case,Classified,109.0,MW,YOUPIN
P2000 | Imperial Dragon,Gamma Case,Classified,85.73,WW,C5
P250 | Cartel,Operation Vanguard Weapon Case,Classified,60.0,BS,BUFF
P250 | Cartel,Operation Vanguard Weapon Case,Classified,181.98,FN,BUFF
P250 | Cartel,Operation Vanguard Weapon Case,Classified,59.07,FT,YOUPIN
P250 | Cartel,Operation Vanguard Weapon Case,Classified,81.85,MW,BUFF
P250 | Cartel,Operation Vanguard Weapon Case,Classified,80.0,WW,YOUPIN
P250 | Supernova,Operation Breakout Weapon Case,Restricted,22.36,FN,BUFF
P250 | Supernova,Operation Breakout Weapon Case,Restricted,16.0,FT,YOUPIN
P250 | Supernova,Operation Breakout Weapon Case,Restricted,16.89,MW,C5
P250 | Supernova,Operation Breakout Weapon Case,Restricted,17.0,WW,YOUPIN
P250 | Undertow,CSGO Weapon Case 3,Classified,290.0,FN,C5
P250 | Undertow,CSGO Weapon Case 3,Classified,205.9,FT,BUFF
P250 | Undertow,CSGO Weapon Case 3,Classified,198.5,MW,YOUPIN
P250 | Valence,Chroma 2 Case,Mil-Spec,1.25,BS,BUFF
P250 | Valence,Chroma 2 Case,Mil-Spec,8.49,FN,BUFF
P250 | Valence,Chroma 2 Case,Mil-Spec,1.36,FT,BUFF
P250 | Valence,Chroma 2 Case,Mil-Spec,2.93,MW,C5
P250 | Valence,Chroma 2 Case,Mil-Spec,2.27,WW,BUFF
P90 | Asiimov,Operation Breakout Weapon Case,Covert,1062.0,BS,C5
P90 | Asiimov,Operation Breakout Weapon Case,Covert,1597.5,FN,C5
P90 | Asiimov,Operation Breakout Weapon Case,Covert,1127.0,FT,YOUPIN
P90 | Asiimov,Operation Breakout Weapon Case,Covert,1220.0,MW,YOUPIN
P90 | Asiimov,Operation Breakout Weapon Case,Covert,1078.98,WW,C5
P90 | Chopper,Gamma Case,Restricted,8.85,BS,BUFF
P90 | Chopper,Gamma Case,Restricted,31.5,FN,BUFF
P90 | Chopper,Gamma Case,Restricted,8.98,FT,BUFF
P90 | Chopper,Gamma Case,Restricted,12.5,MW,BUFF
P90 | Chopper,Gamma Case,Restricted,8.9,WW,BUFF
P90 | Desert Warfare,Huntsman Weapon Case,Mil-Spec,67.65,BS,BUFF
P90 | Desert Warfare,Huntsman Weapon Case,Mil-Spec,31.9,FN,BUFF
P90 | Desert Warfare,Huntsman Weapon Case,Mil-Spec,18.9,FT,YOUPIN
P90 | Desert Warfare,Huntsman Weapon Case,Mil-Spec,18.91,MW,STEAM
P90 | Desert Warfare,Huntsman Weapon Case,Mil-Spec,73.67,WW,STEAM
P90 | Trigon,Operation Phoenix Weapon Case,Classified,98.0,BS,BUFF
P90 | Trigon,Operation Phoenix Weapon Case,Classified,71.01,FT,YOUPIN
P90 | Trigon,Operation Phoenix Weapon Case,Classified,97.39,MW,YOUPIN
P90 | Trigon,Operation Phoenix Weapon Case,Classified,81.0,WW,BUFF
PP-Bizon | Jungle Slipstream,Spectrum Case,Mil-Spec,3.39,FN,BUFF
PP-Bizon | Jungle Slipstream,Spectrum Case,Mil-Spec,2.16,MW,BUFF
R8 Revolver | Reboot,Gamma Case,Restricted,8.6,BS,BUFF
R8 Revolver | Reboot,Gamma Case,Restricted,49.9,FN,BUFF
R8 Revolver | Reboot,Gamma Case,Restricted,9.56,FT,BUFF
R8 Revolver | Reboot,Gamma Case,Restricted,18.5,MW,BUFF
R8 Revolver | Reboot,Gamma Case,Restricted,8.0,WW,BUFF
SCAR-20 | Bloodsport,Gamma Case,Classified,209.5,FN,YOUPIN
SCAR-20 | Bloodsport,Gamma Case,Classified,85.8,FT,YOUPIN
SCAR-20 | Bloodsport,Gamma Case,Classified,102.32,MW,BUFF
SCAR-20 | Bloodsport,Gamma Case,Classified,83.77,WW,YOUPIN
SCAR-20 | Cardiac,Operation Vanguard Weapon Case,Classified,58.0,BS,BUFF
SCAR-20 | Cardiac,Operation Vanguard Weapon Case,Classified,198.0,FN,BUFF
SCAR-20 | Cardiac,Operation Vanguard Weapon Case,Classified,57.9,FT,C5
SCAR-20 | Cardiac,Operation Vanguard Weapon Case,Classified,79.88,MW,BUFF
SCAR-20 | Cardiac,Operation Vanguard Weapon Case,Classified,56.99,WW,YOUPIN
SCAR-20 | Enforcer,Prisma 2 Case,Restricted,3.35,BS,BUFF
SCAR-20 | Enforcer,Prisma 2 Case,Restricted,25.88,FN,YOUPIN
SCAR-20 | Enforcer,Prisma 2 Case,Restricted,3.49,FT,BUFF
SCAR-20 | Enforcer,Prisma 2 Case,Restricted,7.58,MW,C5
SCAR-20 | Enforcer,Prisma 2 Case,Restricted,3.58,WW,BUFF
SCAR-20 | Grotto,Chroma Case,Mil-Spec,2.0,BS,BUFF
SCAR-20 | Grotto,Chroma Case,Mil-Spec,4.99,FN,BUFF
SCAR-20 | Grotto,Chroma Case,Mil-Spec,1.79,FT,BUFF
SCAR-20 | Grotto,Chroma Case,Mil-Spec,2.49,MW,BUFF
SCAR-20 | Grotto,Chroma Case,Mil-Spec,2.0,WW,BUFF
SG 553 | Aerial,Gamma Case,Mil-Spec,1.47,BS,BUFF
SG 553 | Aerial,Gamma Case,Mil-Spec,3.69,FN,BUFF
SG 553 | Aerial,Gamma Case,Mil-Spec,1.86,FT,YOUPIN
SG 553 | Aerial,Gamma Case,Mil-Spec,2.06,MW,BUFF
SG 553 | Aerial,Gamma Case,Mil-Spec,2.06,WW,YOUPIN
SG 553 | Darkwing,Prisma 2 Case,Restricted,4.94,BS,BUFF
SG 553 | Darkwing,Prisma 2 Case,Restricted,25.0,FN,BUFF
SG 553 | Darkwing,Prisma 2 Case,Restricted,3.99,FT,BUFF
SG 553 | Darkwing,Prisma 2 Case,Restricted,7.68,MW,BUFF
SG 553 | Darkwing,Prisma 2 Case,Restricted,4.5,WW,BUFF
SG 553 | Pulse,Operation Phoenix Weapon Case,Restricted,16.99,BS,YOUPIN
SG 553 | Pulse,Operation Phoenix Weapon Case,Restricted,18.68,FT,BUFF
SG 553 | Pulse,Operation Phoenix Weapon Case,Restricted,68.0,MW,BUFF
SG 553 | Pulse,Operation Phoenix Weapon Case,Restricted,19.16,WW,YOUPIN
SG 553 | Ultraviolet,CSGO Weapon Case,Mil-Spec,105.2,BS,YOUPIN
SG 553 | Ultraviolet,CSGO Weapon Case,Mil-Spec,298.8,FN,BUFF
SG 553 | Ultraviolet,CSGO Weapon Case,Mil-Spec,99.66,FT,YOUPIN
SG 553 | Ultraviolet,CSGO Weapon Case,Mil-Spec,115.0,MW,BUFF
SG 553 | Ultraviolet,CSGO Weapon Case,Mil-Spec,112.99,WW,YOUPIN
SSG 08 | Big Iron,Shadow Case,Classified,88.51,BS,C5
SSG 08 | Big Iron,Shadow Case,Classified,270.0,FN,C5
SSG 08 | Big Iron,Shadow Case,Classified,85.0,FT,YOUPIN
SSG 08 | Big Iron,Shadow Case,Classified,124.0,MW,BUFF
SSG 08 | Big Iron,Shadow Case,Classified,86.89,WW,BUFF
SSG 08 | Dark Water,ESports 2014 Summer Case,Mil-Spec,15.0,FT,YOUPIN
SSG 08 | Dark Water,ESports 2014 Summer Case,Mil-Spec,19.99,MW,BUFF
SSG 08 | Fever Dream,Prisma 2 Case,Restricted,3.85,BS,YOUPIN
SSG 08 | Fever Dream,Prisma 2 Case,Restricted,23.78,FN,BUFF
SSG 08 | Fever Dream,Prisma 2 Case,Restricted,4.55,FT,BUFF
SSG 08 | Fever Dream,Prisma 2 Case,Restricted,10.75,MW,YOUPIN
SSG 08 | Fever Dream,Prisma 2 Case,Restricted,7.74,WW,YOUPIN
Sawed-Off | Apocalypto,Prisma 2 Case,Restricted,3.36,BS,BUFF
Sawed-Off | Apocalypto,Prisma 2 Case,Restricted,25.7,FN,BUFF
Sawed-Off | Apocalypto,Prisma 2 Case,Restricted,3.79,FT,YOUPIN
Sawed-Off | Apocalypto,Prisma 2 Case,Restricted,7.49,MW,BUFF
Sawed-Off | Apocalypto,Prisma 2 Case,Restricted,3.71,WW,BUFF
Sawed-Off | Highwayman,Operation Vanguard Weapon Case,Restricted,6.49,BS,C5
Sawed-Off | Highwayman,Operation Vanguard Weapon Case,Restricted,33.4,FN,YOUPIN
Sawed-Off | Highwayman,Operation Vanguard Weapon Case,Restricted,7.5,FT,BUFF
Sawed-Off | Highwayman,Operation Vanguard Weapon Case,Restricted,12.68,MW,BUFF
Sawed-Off | Highwayman,Operation Vanguard Weapon Case,Restricted,9.24,WW,STEAM
Sawed-Off | Limelight,Gamma Case,Restricted,8.15,BS,C5
Sawed-Off | Limelight,Gamma Case,Restricted,49.78,FN,HALOSKINS
Sawed-Off | Limelight,Gamma Case,Restricted,9.9,FT,C5
Sawed-Off | Limelight,Gamma Case,Restricted,19.9,MW,BUFF
Sawed-Off | Limelight,Gamma Case,Restricted,8.5,WW,YOUPIN
Sawed-Off | Orange DDPAT,ESports 2013 Case,Restricted,649.5,FN,YOUPIN
Sawed-Off | Orange DDPAT,ESports 2013 Case,Restricted,106.51,FT,C5
Sawed-Off | Orange DDPAT,ESports 2013 Case,Restricted,169.0,MW,YOUPIN
Sawed-Off | Orange DDPAT,ESports 2013 Case,Restricted,150.0,WW,C5
Sawed-Off | Origami,Chroma 2 Case,Mil-Spec,1.27,BS,YOUPIN
Sawed-Off | Origami,Chroma 2 Case,Mil-Spec,2.99,FN,BUFF
Sawed-Off | Origami,Chroma 2 Case,Mil-Spec,1.2,FT,BUFF
Sawed-Off | Origami,Chroma 2 Case,Mil-Spec,1.47,MW,BUFF
Sawed-Off | Origami,Chroma 2 Case,Mil-Spec,1.28,WW,C5
Tec-9 | Ice Cap,Gamma Case,Mil-Spec,1.54,BS,BUFF
Tec-9 | Ice Cap,Gamma Case,Mil-Spec,6.23,FN,C5
Tec-9 | Ice Cap,Gamma Case,Mil-Spec,1.7,FT,BUFF
Tec-9 | Ice Cap,Gamma Case,Mil-Spec,2.96,MW,C5
Tec-9 | Ice Cap,Gamma Case,Mil-Spec,1.98,WW,BUFF
Tec-9 | Sandstorm,Operation Phoenix Weapon Case,Mil-Spec,2.5,BS,BUFF
Tec-9 | Sandstorm,Operation Phoenix Weapon Case,Mil-Spec,3.38,FT,YOUPIN
Tec-9 | Sandstorm,Operation Phoenix Weapon Case,Mil-Spec,15.0,MW,C5
Tec-9 | Sandstorm,Operation Phoenix Weapon Case,Mil-Spec,3.53,WW,BUFF
Tec-9 | Titanium Bit,CSGO Weapon Case 3,Restricted,42.0,FT,YOUPIN
Tec-9 | Titanium Bit,CSGO Weapon Case 3,Restricted,44.0,MW,BUFF
UMP-45 | Delusion,Operation Vanguard Weapon Case,Mil-Spec,25.8,FN,BUFF
UMP-45 | Delusion,Operation Vanguard Weapon Case,Mil-Spec,3.34,FT,BUFF
UMP-45 | Delusion,Operation Vanguard Weapon Case,Mil-Spec,6.0,MW,BUFF
UMP-45 | Grand Prix,Chroma 2 Case,Restricted,8.9,FT,C5
USP-S | Blueprint,Operation Hydra Case,Mil-Spec,44.9,BS,BUFF
USP-S | Blueprint,Operation Hydra Case,Mil-Spec,353.97,FN,BUFF
USP-S | Blueprint,Operation Hydra Case,Mil-Spec,40.97,FT,BUFF
USP-S | Blueprint,Operation Hydra Case,Mil-Spec,64.37,MW,BUFF
USP-S | Blueprint,Operation Hydra Case,Mil-Spec,44.43,WW,BUFF
USP-S | Dark Water,CSGO Weapon Case,Restricted,491.94,FT,C5
USP-S | Dark Water,CSGO Weapon Case,Restricted,654.5,MW,YOUPIN
USP-S | Guardian,Operation Phoenix Weapon Case,Restricted,58.68,FN,BUFF
USP-S | Guardian,Operation Phoenix Weapon Case,Restricted,20.03,FT,BUFF
USP-S | Guardian,Operation Phoenix Weapon Case,Restricted,30.97,MW,BUFF
USP-S | Kill Confirmed,Shadow Case,Covert,379.5,BS,BUFF
USP-S | Kill Confirmed,Shadow Case,Covert,2734.0,FN,C5
USP-S | Kill Confirmed,Shadow Case,Covert,474.0,FT,BUFF
USP-S | Kill Confirmed,Shadow Case,Covert,818.68,MW,C5
USP-S | Kill Confirmed,Shadow Case,Covert,397.0,WW,BUFF
USP-S | The Traitor,Snakebite Case,Covert,195.0,BS,BUFF
USP-S | The Traitor,Snakebite Case,Covert,1147.5,FN,C5
USP-S | The Traitor,Snakebite Case,Covert,226.5,FT,YOUPIN
USP-S | The Traitor,Snakebite Case,Covert,432.4,MW,YOUPIN
USP-S | The Traitor,Snakebite Case,Covert,218.5,WW,BUFF
XM1014 | Quicksilver,Chroma Case,Mil-Spec,5.14,FN,BUFF
XM1014 | Tranquility,Operation Vanguard Weapon Case,Classified,68.68,BS,BUFF
XM1014 | Tranquility,Operation Vanguard Weapon Case,Classified,181.5,FN,BUFF
XM1014 | Tranquility,Operation Vanguard Weapon Case,Classified,68.0,FT,BUFF
XM1014 | Tranquility,Operation Vanguard Weapon Case,Classified,79.98,MW,BUFF
XM1014 | Tranquility,Operation Vanguard Weapon Case,Classified,85.12,WW,STEAM
XM1014 | XOXO,Snakebite Case,Classified,20.8,BS,BUFF
XM1014 | XOXO,Snakebite Case,Classified,142.48,FN,BUFF
XM1014 | XOXO,Snakebite Case,Classified,23.69,FT,BUFF
XM1014 | XOXO,Snakebite Case,Classified,45.35,MW,YOUPIN
XM1014 | XOXO,Snakebite Case,Classified,22.45,WW,BUFF
XM1014 | Zombie Offensive,Dreams & Nightmares Case,Restricted,3.85,BS,C5
XM1014 | Zombie Offensive,Dreams & Nightmares Case,Restricted,11.6,FN,BUFF
XM1014 | Zombie Offensive,Dreams & Nightmares Case,Restricted,3.95,FT,C5
XM1014 | Zombie Offensive,Dreams & Nightmares Case,Restricted,4.82,MW,BUFF
XM1014 | Zombie Offensive,Dreams & Nightmares Case,Restricted,3.79,WW,BUFF
★ Bayonet | Autotronic,Gamma 2 Case,Gold,2000.0,BS,C5
★ Bayonet | Autotronic,Gamma 2 Case,Gold,4666.0,FN,C5
★ Bayonet | Autotronic,Gamma 2 Case,Gold,1900.0,FT,YOUPIN
★ Bayonet | Autotronic,Gamma 2 Case,Gold,2400.0,MW,BUFF
★ Bayonet | Autotronic,Gamma 2 Case,Gold,1958.0,WW,BUFF
★ Bayonet | Black Laminate,Gamma 2 Case,Gold,1145.0,BS,YOUPIN
★ Bayonet | Black Laminate,Gamma 2 Case,Gold,2430.0,FN,YOUPIN
★ Bayonet | Black Laminate,Gamma 2 Case,Gold,1198.5,FT,C5
★ Bayonet | Black Laminate,Gamma 2 Case,Gold,1333.0,MW,YOUPIN
★ Bayonet | Black Laminate,Gamma 2 Case,Gold,1146.5,WW,YOUPIN
★ Bayonet | Blue Steel,CSGO Weapon Case 3,Gold,1398.0,BS,BUFF
★ Bayonet | Blue Steel,CSGO Weapon Case 3,Gold,3199.5,FN,YOUPIN
★ Bayonet | Blue Steel,CSGO Weapon Case 3,Gold,1548.0,FT,C5
★ Bayonet | Blue Steel,CSGO Weapon Case 3,Gold,1869.5,MW,YOUPIN
★ Bayonet | Blue Steel,CSGO Weapon Case 3,Gold,1420.0,WW,YOUPIN
★ Bayonet | Boreal Forest,CSGO Weapon Case 3,Gold,840.0,BS,BUFF
★ Bayonet | Boreal Forest,CSGO Weapon Case 3,Gold,4384.47,FN,STEAM
★ Bayonet | Boreal Forest,CSGO Weapon Case 3,Gold,899.9,FT,BUFF
★ Bayonet | Boreal Forest,CSGO Weapon Case 3,Gold,1100.0,MW,YOUPIN
★ Bayonet | Boreal Forest,CSGO Weapon Case 3,Gold,850.0,WW,BUFF
★ Bayonet | Bright Water,Gamma 2 Case,Gold,1197.0,BS,BUFF
★ Bayonet | Bright Water,Gamma 2 Case,Gold,1399.5,FN,YOUPIN
★ Bayonet | Bright Water,Gamma 2 Case,Gold,1028.9,FT,YOUPIN
★ Bayonet | Bright Water,Gamma 2 Case,Gold,1199.0,MW,YOUPIN
★ Bayonet | Bright Water,Gamma 2 Case,Gold,1088.0,WW,BUFF
★ Bayonet | Case Hardened,CSGO Weapon Case 3,Gold,1685.0,BS,C5
★ Bayonet | Case Hardened,CSGO Weapon Case 3,Gold,4555.55,FN,BUFF
★ Bayonet | Case Hardened,Winter Offensive Weapon Case,Gold,1675.0,FT,C5
★ Bayonet | Case Hardened,CSGO Weapon Case 3,Gold,2045.0,MW,YOUPIN
★ Bayonet | Case Hardened,CSGO Weapon Case 3,Gold,1668.0,WW,YOUPIN
★ Bayonet | Crimson Web,CSGO Weapon Case 3,Gold,1363.64,BS,BUFF
★ Bayonet | Crimson Web,CSGO Weapon Case 3,Gold,15000.0,FN,YOUPIN
★ Bayonet | Crimson Web,CSGO Weapon Case 3,Gold,1340.0,FT,YOUPIN
★ Bayonet | Crimson Web,Winter Offensive Weapon Case,Gold,2355.0,MW,C5
★ Bayonet | Crimson Web,CSGO Weapon Case 3,Gold,1440.0,WW,BUFF
★ Bayonet | Damascus Steel,Chroma 3 Case,Gold,1468.85,BS,C5
★ Bayonet | Damascus Steel,Chroma 3 Case,Gold,1430.0,FN,YOUPIN
★ Bayonet | Damascus Steel,Chroma 3 Case,Gold,1156.97,FT,C5
★ Bayonet | Damascus Steel,Chroma 3 Case,Gold,1280.0,MW,BUFF
★ Bayonet | Damascus Steel,Chroma 3 Case,Gold,1814.41,WW,C5
★ Bayonet | Doppler,Chroma 3 Case,Gold,2927.0,FN,YOUPIN
★ Bayonet | Doppler,Chroma 3 Case,Gold,3500.0,MW,BUFF
★ Bayonet | Fade,Winter Offensive Weapon Case,Gold,2818.0,FN,YOUPIN
★ Bayonet | Fade,Winter Offensive Weapon Case,Gold,3883.0,MW,C5
★ Bayonet | Forest DDPAT,Winter Offensive Weapon Case,Gold,862.0,BS,YOUPIN
★ Bayonet | Forest DDPAT,Winter Offensive Weapon Case,Gold,2000.0,FN,YOUPIN
★ Bayonet | Forest DDPAT,Winter Offensive Weapon Case,Gold,860.0,FT,BUFF
★ Bayonet | Forest DDPAT,Winter Offensive Weapon Case,Gold,1039.0,MW,YOUPIN
★ Bayonet | Forest DDPAT,Winter Offensive Weapon Case,Gold,835.0,WW,BUFF
★ Bayonet | Lore,Gamma 2 Case,Gold,1663.5,BS,C5
★ Bayonet | Lore,Gamma 2 Case,Gold,3364.0,FN,YOUPIN
★ Bayonet | Lore,Gamma 2 Case,Gold,1771.83,FT,YOUPIN
★ Bayonet | Lore,Gamma 2 Case,Gold,2309.5,MW,C5
★ Bayonet | Lore,Gamma 2 Case,Gold,1880.0,WW,BUFF
★ Bayonet | Marble Fade,Chroma 3 Case,Gold,2678.38,FN,YOUPIN
★ Bayonet | Marble Fade,Chroma 3 Case,Gold,2900.0,MW,YOUPIN
★ Bayonet | Night,Winter Offensive Weapon Case,Gold,1000.0,BS,BUFF
★ Bayonet | Night,Winter Offensive Weapon Case,Gold,7000.0,FN,BUFF
★ Bayonet | Night,Winter Offensive Weapon Case,Gold,978.5,FT,BUFF
★ Bayonet | Night,Winter Offensive Weapon Case,Gold,1449.5,MW,BUFF
★ Bayonet | Night,Winter Offensive Weapon Case,Gold,1000.0,WW,YOUPIN
★ Bayonet | Rust Coat,Chroma 3 Case,Gold,918.5,BS,YOUPIN
★ Bayonet | Rust Coat,Chroma 3 Case,Gold,1099.0,WW,BUFF
★ Bayonet | Safari Mesh,Winter Offensive Weapon Case,Gold,821.0,BS,BUFF
★ Bayonet | Safari Mesh,Winter Offensive Weapon Case,Gold,2657.2,FN,C5
★ Bayonet | Safari Mesh,Winter Offensive Weapon Case,Gold,815.0,FT,BUFF
★ Bayonet | Safari Mesh,Winter Offensive Weapon Case,Gold,850.5,MW,YOUPIN
★ Bayonet | Safari Mesh,Winter Offensive Weapon Case,Gold,850.0,WW,YOUPIN
★ Bayonet | Scorched,Winter Offensive Weapon Case,Gold,920.0,BS,YOUPIN
★ Bayonet | Scorched,Winter Offensive Weapon Case,Gold,850.0,FT,BUFF
★ Bayonet | Scorched,Winter Offensive Weapon Case,Gold,1058.0,MW,YOUPIN
★ Bayonet | Scorched,Winter Offensive Weapon Case,Gold,976.0,WW,YOUPIN
★ Bayonet | Slaughter,Winter Offensive Weapon Case,Gold,2780.0,FN,YOUPIN
★ Bayonet | Slaughter,Winter Offensive Weapon Case,Gold,2250.0,FT,BUFF
★ Bayonet | Slaughter,Winter Offensive Weapon Case,Gold,2280.0,MW,BUFF
★ Bayonet | Stained,Winter Offensive Weapon Case,Gold,1222.0,BS,YOUPIN
★ Bayonet | Stained,Winter Offensive Weapon Case,Gold,2000.0,FN,YOUPIN
★ Bayonet | Stained,Winter Offensive Weapon Case,Gold,1099.5,FT,YOUPIN
★ Bayonet | Stained,Winter Offensive Weapon Case,Gold,1199.5,MW,BUFF
★ Bayonet | Stained,Winter Offensive Weapon Case,Gold,999.0,WW,C5
★ Bayonet | Tiger Tooth,Chroma 3 Case,Gold,2109.5,FN,YOUPIN
★ Bayonet | Tiger Tooth,Chroma 3 Case,Gold,3665.0,MW,BUFF
★ Bayonet | Ultraviolet,Chroma 3 Case,Gold,959.5,BS,BUFF
★ Bayonet | Ultraviolet,Chroma 3 Case,Gold,3500.0,FN,YOUPIN
★ Bayonet | Ultraviolet,Chroma 3 Case,Gold,965.99,FT,YOUPIN
★ Bayonet | Ultraviolet,Chroma 3 Case,Gold,1558.0,MW,YOUPIN
★ Bayonet | Ultraviolet,Chroma 3 Case,Gold,949.5,WW,BUFF
★ Bowie Knife | Autotronic,Dreams & Nightmares Case,Gold,620.0,BS,YOUPIN
★ Bowie Knife | Autotronic,Dreams & Nightmares Case,Gold,1230.0,FN,YOUPIN
★ Bowie Knife | Autotronic,Dreams & Nightmares Case,Gold,644.0,FT,YOUPIN
★ Bowie Knife | Autotronic,Dreams & Nightmares Case,Gold,774.0,MW,C5
★ Bowie Knife | Autotronic,Dreams & Nightmares Case,Gold,649.5,WW,BUFF
★ Bowie Knife | Black Laminate,Dreams & Nightmares Case,Gold,424.88,BS,YOUPIN
★ Bowie Knife | Black Laminate,Dreams & Nightmares Case,Gold,744.0,FN,YOUPIN
★ Bowie Knife | Black Laminate,Dreams & Nightmares Case,Gold,421.0,FT,YOUPIN
★ Bowie Knife | Black Laminate,Dreams & Nightmares Case,Gold,470.0,MW,YOUPIN
★ Bowie Knife | Black Laminate,Dreams & Nightmares Case,Gold,439.5,WW,C5
★ Bowie Knife | Bright Water,Dreams & Nightmares Case,Gold,670.95,BS,C5
★ Bowie Knife | Bright Water,Dreams & Nightmares Case,Gold,520.0,FN,YOUPIN
★ Bowie Knife | Bright Water,Dreams & Nightmares Case,Gold,423.0,FT,YOUPIN
★ Bowie Knife | Bright Water,Dreams & Nightmares Case,Gold,457.5,MW,YOUPIN
★ Bowie Knife | Bright Water,Dreams & Nightmares Case,Gold,434.0,WW,YOUPIN
★ Bowie Knife | Damascus Steel,Spectrum 2 Case,Gold,788.85,BS,STEAM
★ Bowie Knife | Damascus Steel,Spectrum 2 Case,Gold,783.5,FN,YOUPIN
★ Bowie Knife | Damascus Steel,Spectrum 2 Case,Gold,603.5,FT,C5
★ Bowie Knife | Damascus Steel,Spectrum 2 Case,Gold,643.5,MW,BUFF
★ Bowie Knife | Damascus Steel,Spectrum 2 Case,Gold,756.07,WW,C5
★ Bowie Knife | Doppler,Spectrum 2 Case,Gold,2043.5,FN,YOUPIN
★ Bowie Knife | Doppler,Spectrum 2 Case,Gold,3200.0,MW,C5
★ Bowie Knife | Freehand,Dreams & Nightmares Case,Gold,679.5,BS,YOUPIN
★ Bowie Knife | Freehand,Dreams & Nightmares Case,Gold,630.0,FN,YOUPIN
★ Bowie Knife | Freehand,Dreams & Nightmares Case,Gold,499.99,FT,YOUPIN
★ Bowie Knife | Freehand,Dreams & Nightmares Case,Gold,546.0,MW,BUFF
★ Bowie Knife | Freehand,Dreams & Nightmares Case,Gold,553.5,WW,BUFF
★ Bowie Knife | Gamma Doppler,Dreams & Nightmares Case,Gold,1520.0,FN,BUFF
★ Bowie Knife | Gamma Doppler,Dreams & Nightmares Case,Gold,1980.0,MW,YOUPIN
★ Bowie Knife | Lore,Dreams & Nightmares Case,Gold,630.0,BS,C5
★ Bowie Knife | Lore,Dreams & Nightmares Case,Gold,1668.5,FN,BUFF
★ Bowie Knife | Lore,Dreams & Nightmares Case,Gold,643.2,FT,C5
★ Bowie Knife | Lore,Dreams & Nightmares Case,Gold,816.5,MW,YOUPIN
★ Bowie Knife | Lore,Dreams & Nightmares Case,Gold,640.0,WW,BUFF
★ Bowie Knife | Marble Fade,Spectrum 2 Case,Gold,1308.5,FN,YOUPIN
★ Bowie Knife | Marble Fade,Spectrum 2 Case,Gold,1750.0,MW,BUFF
★ Bowie Knife | Rust Coat,Spectrum 2 Case,Gold,404.0,BS,BUFF
★ Bowie Knife | Rust Coat,Spectrum 2 Case,Gold,466.0,WW,YOUPIN
★ Bowie Knife | Tiger Tooth,Spectrum 2 Case,Gold,1018.98,FN,YOUPIN
★ Bowie Knife | Tiger Tooth,Spectrum 2 Case,Gold,1639.99,MW,C5
★ Bowie Knife | Ultraviolet,Spectrum 2 Case,Gold,534.4,BS,C5
★ Bowie Knife | Ultraviolet,Spectrum 2 Case,Gold,2482.19,FN,STEAM
★ Bowie Knife | Ultraviolet,Spectrum 2 Case,Gold,468.0,FT,YOUPIN
★ Bowie Knife | Ultraviolet,Spectrum 2 Case,Gold,800.0,MW,YOUPIN
★ Bowie Knife | Ultraviolet,Spectrum 2 Case,Gold,542.34,WW,C5
★ Broken Fang Gloves | Jade,Snakebite Case,Gold,629.35,BS,YOUPIN
★ Broken Fang Gloves | Jade,Snakebite Case,Gold,4250.0,FN,BUFF
★ Broken Fang Gloves | Jade,Snakebite Case,Gold,624.0,FT,C5
★ Broken Fang Gloves | Jade,Snakebite Case,Gold,1042.99,MW,YOUPIN
★ Broken Fang Gloves | Jade,Snakebite Case,Gold,696.88,WW,C5
★ Broken Fang Gloves | Needle Point,Snakebite Case,Gold,390.0,BS,BUFF
★ Broken Fang Gloves | Needle Point,Snakebite Case,Gold,2250.0,FN,BUFF
★ Broken Fang Gloves | Needle Point,Snakebite Case,Gold,392.0,FT,YOUPIN
★ Broken Fang Gloves | Needle Point,Snakebite Case,Gold,516.64,MW,YOUPIN
★ Broken Fang Gloves | Needle Point,Snakebite Case,Gold,410.0,WW,BUFF
★ Broken Fang Gloves | Unhinged,Snakebite Case,Gold,447.5,BS,YOUPIN
★ Broken Fang Gloves | Unhinged,Snakebite Case,Gold,2398.0,FN,YOUPIN
★ Broken Fang Gloves | Unhinged,Snakebite Case,Gold,453.5,FT,YOUPIN
★ Broken Fang Gloves | Unhinged,Snakebite Case,Gold,676.75,MW,C5
★ Broken Fang Gloves | Unhinged,Snakebite Case,Gold,443.92,WW,BUFF
★ Butterfly Knife | Blue Steel,Operation Breakout Weapon Case,Gold,5600.0,BS,YOUPIN
★ Butterfly Knife | Blue Steel,Operation Breakout Weapon Case,Gold,9145.0,FN,YOUPIN
★ Butterfly Knife | Blue Steel,Operation Breakout Weapon Case,Gold,6070.0,FT,YOUPIN
★ Butterfly Knife | Blue Steel,Operation Breakout Weapon Case,Gold,6438.0,MW,YOUPIN
★ Butterfly Knife | Blue Steel,Operation Breakout Weapon Case,Gold,5640.0,WW,YOUPIN
★ Butterfly Knife | Boreal Forest,Operation Breakout Weapon Case,Gold,3133.0,BS,YOUPIN
★ Butterfly Knife | Boreal Forest,Operation Breakout Weapon Case,Gold,5800.0,FN,YOUPIN
★ Butterfly Knife | Boreal Forest,Operation Breakout Weapon Case,Gold,3220.0,FT,BUFF
★ Butterfly Knife | Boreal Forest,Operation Breakout Weapon Case,Gold,3470.5,MW,YOUPIN
★ Butterfly Knife | Boreal Forest,Operation Breakout Weapon Case,Gold,3140.0,WW,YOUPIN
★ Butterfly Knife | Case Hardened,Operation Breakout Weapon Case,Gold,4498.0,BS,YOUPIN
★ Butterfly Knife | Case Hardened,Operation Breakout Weapon Case,Gold,9599.0,FN,C5
★ Butterfly Knife | Case Hardened,Operation Breakout Weapon Case,Gold,4997.0,FT,YOUPIN
★ Butterfly Knife | Case Hardened,Operation Breakout Weapon Case,Gold,6050.0,MW,YOUPIN
★ Butterfly Knife | Case Hardened,Operation Breakout Weapon Case,Gold,4645.0,WW,YOUPIN
★ Butterfly Knife | Crimson Web,Operation Breakout Weapon Case,Gold,4184.0,BS,YOUPIN
★ Butterfly Knife | Crimson Web,Operation Breakout Weapon Case,Gold,36666.0,FN,BUFF
★ Butterfly Knife | Crimson Web,Operation Breakout Weapon Case,Gold,4987.5,FT,YOUPIN
★ Butterfly Knife | Crimson Web,Operation Breakout Weapon Case,Gold,8249.0,MW,BUFF
★ Butterfly Knife | Crimson Web,Operation Breakout Weapon Case,Gold,4628.98,WW,BUFF
★ Butterfly Knife | Damascus Steel,Spectrum 2 Case,Gold,4999.0,BS,YOUPIN
★ Butterfly Knife | Damascus Steel,Spectrum 2 Case,Gold,6286.5,FN,YOUPIN
★ Butterfly Knife | Damascus Steel,Spectrum 2 Case,Gold,5330.0,FT,C5
★ Butterfly Knife | Damascus Steel,Spectrum 2 Case,Gold,5660.0,MW,C5
★ Butterfly Knife | Damascus Steel,Spectrum 2 Case,Gold,5147.0,WW,C5
★ Butterfly Knife | Doppler,Spectrum 2 Case,Gold,16299.0,FN,YOUPIN
★ Butterfly Knife | Doppler,Spectrum 2 Case,Gold,24985.0,MW,C5
★ Butterfly Knife | Gamma Doppler,Dreams & Nightmares Case,Gold,15940.0,FN,C5
★ Butterfly Knife | Gamma Doppler,Dreams & Nightmares Case,Gold,15555.0,MW,BUFF
★ Butterfly Knife | Marble Fade,Spectrum 2 Case,Gold,10800.0,FN,BUFF
★ Butterfly Knife | Marble Fade,Spectrum 2 Case,Gold,13280.5,MW,C5
★ Butterfly Knife | Tiger Tooth,Spectrum 2 Case,Gold,8850.0,FN,C5
★ Butterfly Knife | Tiger Tooth,Spectrum 2 Case,Gold,8799.99,MW,C5
★ Classic Knife | Night Stripe,CS20 Case,Gold,676.0,BS,C5
★ Classic Knife | Safari Mesh,CS20 Case,Gold,497.48,BS,C5
★ Classic Knife | Safari Mesh,CS20 Case,Gold,1650.0,FN,BUFF
★ Classic Knife | Safari Mesh,CS20 Case,Gold,474.86,FT,C5
★ Classic Knife | Safari Mesh,CS20 Case,Gold,504.9,MW,C5
★ Classic Knife | Safari Mesh,CS20 Case,Gold,530.0,WW,BUFF
★ Classic Knife | Scorched,CS20 Case,Gold,586.0,BS,BUFF
★ Classic Knife | Scorched,CS20 Case,Gold,2471.74,FN,STEAM
★ Classic Knife | Scorched,CS20 Case,Gold,587.95,FT,C5
★ Classic Knife | Scorched,CS20 Case,Gold,610.0,MW,BUFF
★ Classic Knife | Scorched,CS20 Case,Gold,616.0,WW,C5
★ Classic Knife | Slaughter,CS20 Case,Gold,1487.0,FN,BUFF
★ Classic Knife | Slaughter,CS20 Case,Gold,1290.0,FT,YOUPIN
★ Classic Knife | Slaughter,CS20 Case,Gold,1357.5,MW,YOUPIN
★ Classic Knife | Stained,CS20 Case,Gold,620.0,BS,BUFF
★ Classic Knife | Stained,CS20 Case,Gold,1018.88,FN,YOUPIN
★ Classic Knife | Stained,CS20 Case,Gold,680.0,FT,YOUPIN
★ Classic Knife | Stained,CS20 Case,Gold,724.58,MW,C5
★ Classic Knife | Stained,CS20 Case,Gold,639.1,WW,C5
★ Classic Knife | Urban Masked,CS20 Case,Gold,530.0,BS,C5
★ Classic Knife | Urban Masked,CS20 Case,Gold,2082.0,FN,BUFF
★ Classic Knife | Urban Masked,CS20 Case,Gold,595.0,FT,YOUPIN
★ Classic Knife | Urban Masked,CS20 Case,Gold,619.9,MW,C5
★ Classic Knife | Urban Masked,CS20 Case,Gold,570.0,WW,BUFF
★ Driver Gloves | Imperial Plaid,Clutch Case,Gold,1273.02,BS,YOUPIN
★ Driver Gloves | Imperial Plaid,Clutch Case,Gold,8444.0,FN,BUFF
★ Driver Gloves | Imperial Plaid,Clutch Case,Gold,1610.0,FT,BUFF
★ Driver Gloves | Imperial Plaid,Clutch Case,Gold,3868.0,MW,BUFF
★ Driver Gloves | Imperial Plaid,Clutch Case,Gold,1426.5,WW,BUFF
★ Driver Gloves | King Snake,Clutch Case,Gold,999.0,BS,BUFF
★ Driver Gloves | King Snake,Clutch Case,Gold,28999.0,FN,YOUPIN
★ Driver Gloves | King Snake,Clutch Case,Gold,1250.5,FT,YOUPIN
★ Driver Gloves | King Snake,Clutch Case,Gold,4780.0,MW,C5
★ Driver Gloves | King Snake,Clutch Case,Gold,1121.0,WW,YOUPIN
★ Driver Gloves | Overtake,Clutch Case,Gold,409.99,BS,BUFF
★ Driver Gloves | Overtake,Clutch Case,Gold,419.0,WW,BUFF
★ Driver Gloves | Queen Jaguar,Recoil Case,Gold,420.0,BS,BUFF
★ Driver Gloves | Snow Leopard,Snakebite Case,Gold,1759.99,BS,BUFF
★ Driver Gloves | Snow Leopard,Snakebite Case,Gold,20000.0,FN,BUFF
★ Driver Gloves | Snow Leopard,Snakebite Case,Gold,2280.0,FT,YOUPIN
★ Driver Gloves | Snow Leopard,Snakebite Case,Gold,4990.0,MW,YOUPIN
★ Driver Gloves | Snow Leopard,Snakebite Case,Gold,1955.0,WW,BUFF
★ Falchion Knife | Blue Steel,Falchion Case,Gold,949.95,BS,BUFF
★ Falchion Knife | Blue Steel,Falchion Case,Gold,2410.44,FN,STEAM
★ Falchion Knife | Blue Steel,Falchion Case,Gold,1058.5,FT,YOUPIN
★ Falchion Knife | Blue Steel,Falchion Case,Gold,1200.0,MW,BUFF
★ Falchion Knife | Blue Steel,Falchion Case,Gold,998.0,WW,BUFF
★ Falchion Knife | Boreal Forest,Falchion Case,Gold,509.0,BS,YOUPIN
★ Falchion Knife | Boreal Forest,Falchion Case,Gold,2270.43,FN,BUFF
★ Falchion Knife | Boreal Forest,Falchion Case,Gold,463.5,FT,YOUPIN
★ Falchion Knife | Boreal Forest,Falchion Case,Gold,572.5,MW,YOUPIN
★ Falchion Knife | Boreal Forest,Falchion Case,Gold,559.66,WW,C5
★ Falchion Knife | Case Hardened,Falchion Case,Gold,1300.0,BS,BUFF
★ Falchion Knife | Case Hardened,Falchion Case,Gold,2797.0,FN,BUFF
★ Falchion Knife | Case Hardened,Falchion Case,Gold,1459.49,FT,C5
★ Falchion Knife | Case Hardened,Falchion Case,Gold,1660.0,MW,YOUPIN
★ Falchion Knife | Case Hardened,Falchion Case,Gold,1110.44,WW,BUFF
★ Falchion Knife | Crimson Web,Falchion Case,Gold,1004.12,BS,C5
★ Falchion Knife | Crimson Web,Falchion Case,Gold,11998.5,FN,BUFF
★ Falchion Knife | Crimson Web,Falchion Case,Gold,888.0,FT,YOUPIN
★ Falchion Knife | Crimson Web,Falchion Case,Gold,1400.0,MW,BUFF
★ Falchion Knife | Crimson Web,Falchion Case,Gold,927.0,WW,YOUPIN
★ Falchion Knife | Damascus Steel,Spectrum Case,Gold,950.0,BS,BUFF
★ Falchion Knife | Damascus Steel,Spectrum Case,Gold,780.0,FN,YOUPIN
★ Falchion Knife | Damascus Steel,Spectrum Case,Gold,629.5,FT,YOUPIN
★ Falchion Knife | Damascus Steel,Spectrum Case,Gold,670.5,MW,YOUPIN
★ Falchion Knife | Damascus Steel,Spectrum Case,Gold,680.0,WW,YOUPIN
★ Falchion Knife | Doppler,Spectrum Case,Gold,2038.99,FN,YOUPIN
★ Falchion Knife | Doppler,Spectrum Case,Gold,3087.5,MW,YOUPIN
★ Falchion Knife | Fade,Falchion Case,Gold,1674.5,FN,BUFF
★ Falchion Knife | Fade,Falchion Case,Gold,1999.0,MW,YOUPIN
★ Falchion Knife | Forest DDPAT,Falchion Case,Gold,470.0,BS,BUFF
★ Falchion Knife | Forest DDPAT,Falchion Case,Gold,2363.93,FN,STEAM
★ Falchion Knife | Forest DDPAT,Falchion Case,Gold,455.5,FT,YOUPIN
★ Falchion Knife | Forest DDPAT,Falchion Case,Gold,549.49,MW,YOUPIN
★ Falchion Knife | Forest DDPAT,Falchion Case,Gold,520.0,WW,BUFF
★ Falchion Knife | Gamma Doppler,Operation Riptide Case,Gold,1689.0,FN,YOUPIN
★ Falchion Knife | Gamma Doppler,Operation Riptide Case,Gold,1900.0,MW,YOUPIN
★ Falchion Knife | Marble Fade,Spectrum Case,Gold,1360.0,FN,BUFF
★ Falchion Knife | Marble Fade,Spectrum Case,Gold,1998.9,MW,C5
★ Falchion Knife | Night,Falchion Case,Gold,670.36,BS,C5
★ Falchion Knife | Night,Falchion Case,Gold,7409.4,FN,STEAM
★ Falchion Knife | Night,Falchion Case,Gold,582.5,FT,YOUPIN
★ Falchion Knife | Night,Falchion Case,Gold,848.5,MW,YOUPIN
★ Falchion Knife | Night,Falchion Case,Gold,679.12,WW,C5
★ Falchion Knife | Safari Mesh,Falchion Case,Gold,565.0,BS,YOUPIN
★ Falchion Knife | Safari Mesh,Falchion Case,Gold,1126.94,FN,C5
★ Falchion Knife | Safari Mesh,Falchion Case,Gold,425.0,FT,YOUPIN
★ Falchion Knife | Safari Mesh,Falchion Case,Gold,486.44,MW,C5
★ Falchion Knife | Safari Mesh,Falchion Case,Gold,480.0,WW,YOUPIN
★ Falchion Knife | Scorched,Falchion Case,Gold,511.0,BS,BUFF
★ Falchion Knife | Scorched,Falchion Case,Gold,1000.0,FN,BUFF
★ Falchion Knife | Scorched,Falchion Case,Gold,500.0,FT,YOUPIN
★ Falchion Knife | Scorched,Falchion Case,Gold,596.0,MW,YOUPIN
★ Falchion Knife | Scorched,Falchion Case,Gold,511.0,WW,C5
★ Falchion Knife | Tiger Tooth,Spectrum Case,Gold,1107.3,FN,YOUPIN
★ Falchion Knife | Tiger Tooth,Spectrum Case,Gold,1807.34,MW,C5
★ Flip Knife | Blue Steel,ESports 2013 Winter Case,Gold,1100.0,BS,BUFF
★ Flip Knife | Blue Steel,ESports 2013 Winter Case,Gold,1088.5,FT,C5
★ Flip Knife | Blue Steel,ESports 2013 Winter Case,Gold,1208.0,MW,YOUPIN
★ Flip Knife | Blue Steel,ESports 2013 Winter Case,Gold,1017.5,WW,C5
★ Flip Knife | Boreal Forest,ESports 2013 Winter Case,Gold,695.8,BS,YOUPIN
★ Flip Knife | Boreal Forest,ESports 2013 Winter Case,Gold,1888.0,FN,BUFF
★ Flip Knife | Boreal Forest,ESports 2013 Winter Case,Gold,740.0,FT,BUFF
★ Flip Knife | Boreal Forest,ESports 2013 Winter Case,Gold,777.0,MW,BUFF
★ Flip Knife | Boreal Forest,ESports 2013 Winter Case,Gold,716.0,WW,YOUPIN
★ Flip Knife | Case Hardened,ESports 2013 Winter Case,Gold,1200.0,BS,BUFF
★ Flip Knife | Case Hardened,ESports 2013 Winter Case,Gold,2380.0,FN,BUFF
★ Flip Knife | Case Hardened,ESports 2013 Winter Case,Gold,1029.4,FT,C5
★ Flip Knife | Case Hardened,ESports 2013 Winter Case,Gold,1332.5,MW,YOUPIN
★ Flip Knife | Case Hardened,ESports 2013 Winter Case,Gold,1080.0,WW,C5
★ Flip Knife | Crimson Web,ESports 2013 Winter Case,Gold,1150.0,BS,BUFF
★ Flip Knife | Crimson Web,ESports 2013 Winter Case,Gold,8888.0,FN,BUFF
★ Flip Knife | Crimson Web,ESports 2013 Winter Case,Gold,1222.99,FT,YOUPIN
★ Flip Knife | Crimson Web,ESports 2013 Winter Case,Gold,1810.0,MW,YOUPIN
★ Flip Knife | Crimson Web,ESports 2013 Winter Case,Gold,1173.0,WW,BUFF
★ Flip Knife | Doppler,Chroma 3 Case,Gold,2300.0,FN,C5
★ Flip Knife | Doppler,Chroma 3 Case,Gold,2699.5,MW,YOUPIN
★ Flip Knife | Fade,CSGO Weapon Case 2,Gold,2439.0,FN,YOUPIN
★ Flip Knife | Fade,CSGO Weapon Case 2,Gold,2598.0,MW,YOUPIN
★ Flip Knife | Forest DDPAT,CSGO Weapon Case 2,Gold,699.5,BS,BUFF
★ Flip Knife | Forest DDPAT,CSGO Weapon Case 2,Gold,2488.24,FN,STEAM
★ Flip Knife | Forest DDPAT,CSGO Weapon Case 2,Gold,778.0,FT,BUFF
★ Flip Knife | Forest DDPAT,CSGO Weapon Case 2,Gold,760.0,MW,BUFF
★ Flip Knife | Forest DDPAT,CSGO Weapon Case 2,Gold,698.5,WW,BUFF
★ Flip Knife | Freehand,Gamma 2 Case,Gold,918.0,BS,BUFF
★ Flip Knife | Freehand,Gamma 2 Case,Gold,965.0,FN,BUFF
★ Flip Knife | Freehand,Gamma 2 Case,Gold,850.0,FT,BUFF
★ Flip Knife | Freehand,Gamma 2 Case,Gold,885.5,MW,YOUPIN
★ Flip Knife | Freehand,Gamma 2 Case,Gold,830.0,WW,BUFF
★ Flip Knife | Gamma Doppler,Gamma 2 Case,Gold,3029.0,FN,YOUPIN
★ Flip Knife | Gamma Doppler,Gamma 2 Case,Gold,3390.0,MW,C5
★ Flip Knife | Night,CSGO Weapon Case 2,Gold,750.0,BS,BUFF
★ Flip Knife | Night,CSGO Weapon Case 2,Gold,3859.5,FN,YOUPIN
★ Flip Knife | Night,CSGO Weapon Case 2,Gold,800.0,FT,BUFF
★ Flip Knife | Night,CSGO Weapon Case 2,Gold,1080.44,MW,BUFF
★ Flip Knife | Night,CSGO Weapon Case 2,Gold,800.0,WW,YOUPIN
★ Flip Knife | Safari Mesh,CSGO Weapon Case 2,Gold,709.5,BS,BUFF
★ Flip Knife | Safari Mesh,CSGO Weapon Case 2,Gold,1600.0,FN,YOUPIN
★ Flip Knife | Safari Mesh,CSGO Weapon Case 2,Gold,750.0,FT,BUFF
★ Flip Knife | Safari Mesh,CSGO Weapon Case 2,Gold,748.0,MW,C5
★ Flip Knife | Safari Mesh,CSGO Weapon Case 2,Gold,709.0,WW,BUFF
★ Flip Knife | Scorched,CSGO Weapon Case 2,Gold,722.0,BS,BUFF
★ Flip Knife | Scorched,CSGO Weapon Case 2,Gold,2862.29,FN,STEAM
★ Flip Knife | Scorched,CSGO Weapon Case 2,Gold,770.0,FT,BUFF
★ Flip Knife | Scorched,CSGO Weapon Case 2,Gold,829.0,MW,YOUPIN
★ Flip Knife | Scorched,CSGO Weapon Case 2,Gold,732.99,WW,BUFF
★ Flip Knife | Slaughter,CSGO Weapon Case 2,Gold,1970.0,FN,BUFF
★ Flip Knife | Slaughter,CSGO Weapon Case 2,Gold,1899.0,FT,BUFF
★ Flip Knife | Slaughter,ESports 2013 Winter Case,Gold,1816.9,MW,YOUPIN
★ Flip Knife | Stained,CSGO Weapon Case 2,Gold,775.0,BS,YOUPIN
★ Flip Knife | Stained,CSGO Weapon Case 2,Gold,1388.0,FN,C5
★ Flip Knife | Stained,Operation Bravo Case,Gold,832.99,FT,YOUPIN
★ Flip Knife | Stained,CSGO Weapon Case 2,Gold,873.5,MW,YOUPIN
★ Flip Knife | Stained,CSGO Weapon Case 2,Gold,790.0,WW,BUFF
★ Flip Knife | Urban Masked,CSGO Weapon Case 2,Gold,737.06,BS,C5
★ Flip Knife | Urban Masked,Revolver Case,Gold,776.11,FT,C5
★ Flip Knife | Urban Masked,CSGO Weapon Case 2,Gold,858.0,MW,YOUPIN
★ Flip Knife | Urban Masked,CSGO Weapon Case 2,Gold,800.0,WW,YOUPIN
★ Gut Knife | Autotronic,Gamma Case,Gold,690.18,BS,C5
★ Gut Knife | Black Laminate,Gamma Case,Gold,439.0,BS,YOUPIN
★ Gut Knife | Black Laminate,Gamma Case,Gold,850.0,FN,BUFF
★ Gut Knife | Black Laminate,Gamma Case,Gold,426.0,FT,YOUPIN
★ Gut Knife | Black Laminate,Gamma Case,Gold,458.5,MW,YOUPIN
★ Gut Knife | Black Laminate,Gamma Case,Gold,415.0,WW,YOUPIN
★ Gut Knife | Blue Steel,CSGO Weapon Case 2,Gold,550.0,BS,BUFF
★ Gut Knife | Blue Steel,CSGO Weapon Case 2,Gold,1190.0,FN,YOUPIN
★ Gut Knife | Blue Steel,CSGO Weapon Case 2,Gold,510.0,FT,BUFF
★ Gut Knife | Blue Steel,CSGO Weapon Case 2,Gold,636.0,MW,BUFF
★ Gut Knife | Blue Steel,CSGO Weapon Case 2,Gold,432.99,WW,BUFF
★ Gut Knife | Boreal Forest,CSGO Weapon Case 2,Gold,466.0,BS,BUFF
★ Gut Knife | Boreal Forest,CSGO Weapon Case 2,Gold,6593.38,FN,STEAM
★ Gut Knife | Boreal Forest,CSGO Weapon Case 2,Gold,364.5,FT,YOUPIN
★ Gut Knife | Boreal Forest,CSGO Weapon Case 2,Gold,447.0,MW,YOUPIN
★ Gut Knife | Boreal Forest,CSGO Weapon Case 2,Gold,400.5,WW,BUFF
★ Gut Knife | Bright Water,Gamma Case,Gold,698.97,BS,C5
★ Gut Knife | Bright Water,Gamma Case,Gold,504.5,FN,YOUPIN
★ Gut Knife | Bright Water,Gamma Case,Gold,427.5,FT,BUFF
★ Gut Knife | Bright Water,Gamma Case,Gold,444.0,MW,YOUPIN
★ Gut Knife | Bright Water,Gamma Case,Gold,550.0,WW,BUFF
★ Gut Knife | Case Hardened,ESports 2014 Summer Case,Gold,798.5,BS,YOUPIN
★ Gut Knife | Case Hardened,ESports 2014 Summer Case,Gold,1666.0,FN,YOUPIN
★ Gut Knife | Case Hardened,ESports 2014 Summer Case,Gold,709.5,FT,YOUPIN
★ Gut Knife | Case Hardened,ESports 2014 Summer Case,Gold,828.0,MW,BUFF
★ Gut Knife | Case Hardened,ESports 2014 Summer Case,Gold,898.0,WW,BUFF
★ Gut Knife | Crimson Web,ESports 2014 Summer Case,Gold,598.55,BS,BUFF
★ Gut Knife | Crimson Web,ESports 2014 Summer Case,Gold,5689.04,FN,HALOSKINS
★ Gut Knife | Crimson Web,ESports 2014 Summer Case,Gold,599.0,FT,YOUPIN
★ Gut Knife | Crimson Web,ESports 2014 Summer Case,Gold,824.49,MW,YOUPIN
★ Gut Knife | Crimson Web,ESports 2014 Summer Case,Gold,736.92,WW,C5
★ Gut Knife | Damascus Steel,Chroma Case,Gold,855.56,BS,STEAM
★ Gut Knife | Damascus Steel,Chroma Case,Gold,434.0,FT,YOUPIN
★ Gut Knife | Damascus Steel,Chroma Case,Gold,447.0,MW,YOUPIN
★ Gut Knife | Damascus Steel,Chroma Case,Gold,859.68,WW,STEAM
★ Gut Knife | Fade,ESports 2014 Summer Case,Gold,985.9,FN,YOUPIN
★ Gut Knife | Fade,ESports 2014 Summer Case,Gold,1450.0,MW,YOUPIN
★ Gut Knife | Forest DDPAT,ESports 2014 Summer Case,Gold,469.4,BS,YOUPIN
★ Gut Knife | Forest DDPAT,ESports 2014 Summer Case,Gold,1202.8,FN,STEAM
★ Gut Knife | Forest DDPAT,ESports 2014 Summer Case,Gold,400.0,FT,BUFF
★ Gut Knife | Forest DDPAT,ESports 2014 Summer Case,Gold,587.6,MW,STEAM
★ Gut Knife | Forest DDPAT,ESports 2014 Summer Case,Gold,420.0,WW,BUFF
★ Gut Knife | Marble Fade,Chroma Case,Gold,834.99,FN,YOUPIN
★ Gut Knife | Marble Fade,Chroma Case,Gold,1350.0,MW,C5
★ Gut Knife | Night,ESports 2014 Summer Case,Gold,548.31,BS,C5
★ Gut Knife | Night,ESports 2014 Summer Case,Gold,420.0,FT,YOUPIN
★ Gut Knife | Night,ESports 2014 Summer Case,Gold,479.0,MW,BUFF
★ Gut Knife | Night,ESports 2014 Summer Case,Gold,537.77,WW,C5
★ Gut Knife | Rust Coat,Chroma Case,Gold,374.0,BS,YOUPIN
★ Gut Knife | Rust Coat,Chroma Case,Gold,611.0,WW,C5
★ Gut Knife | Safari Mesh,ESports 2014 Summer Case,Gold,400.0,BS,BUFF
★ Gut Knife | Safari Mesh,ESports 2014 Summer Case,Gold,2799.5,FN,BUFF
★ Gut Knife | Safari Mesh,ESports 2014 Summer Case,Gold,379.49,FT,BUFF
★ Gut Knife | Safari Mesh,ESports 2014 Summer Case,Gold,495.0,MW,BUFF
★ Gut Knife | Safari Mesh,ESports 2014 Summer Case,Gold,449.5,WW,YOUPIN
★ Gut Knife | Scorched,ESports 2014 Summer Case,Gold,488.45,BS,C5
★ Gut Knife | Scorched,ESports 2014 Summer Case,Gold,2785.7,FN,STEAM
★ Gut Knife | Scorched,ESports 2014 Summer Case,Gold,392.0,FT,YOUPIN
★ Gut Knife | Scorched,ESports 2014 Summer Case,Gold,539.9,MW,YOUPIN
★ Gut Knife | Scorched,ESports 2014 Summer Case,Gold,450.0,WW,YOUPIN
★ Gut Knife | Slaughter,ESports 2014 Summer Case,Gold,866.0,FN,C5
★ Gut Knife | Slaughter,ESports 2014 Summer Case,Gold,884.07,FT,C5
★ Gut Knife | Slaughter,ESports 2014 Summer Case,Gold,750.0,MW,BUFF
★ Gut Knife | Stained,ESports 2013 Case,Gold,458.0,BS,YOUPIN
★ Gut Knife | Stained,ESports 2014 Summer Case,Gold,999.0,FN,YOUPIN
★ Gut Knife | Stained,ESports 2013 Case,Gold,465.0,FT,BUFF
★ Gut Knife | Stained,ESports 2013 Case,Gold,529.99,MW,BUFF
★ Gut Knife | Stained,ESports 2013 Case,Gold,522.0,WW,YOUPIN
★ Gut Knife | Tiger Tooth,Chroma Case,Gold,697.5,FN,YOUPIN
★ Gut Knife | Tiger Tooth,Chroma Case,Gold,1098.5,MW,YOUPIN
★ Gut Knife | Ultraviolet,Chroma 2 Case,Gold,423.0,BS,YOUPIN
★ Gut Knife | Ultraviolet,Chroma Case,Gold,1597.5,FN,YOUPIN
★ Gut Knife | Ultraviolet,Chroma 2 Case,Gold,419.0,FT,YOUPIN
★ Gut Knife | Ultraviolet,Chroma 2 Case,Gold,551.82,MW,YOUPIN
★ Gut Knife | Ultraviolet,Chroma 2 Case,Gold,436.0,WW,BUFF
★ Gut Knife | Urban Masked,ESports 2013 Case,Gold,410.61,BS,BUFF
★ Gut Knife | Urban Masked,ESports 2013 Case,Gold,919.0,FN,BUFF
★ Gut Knife | Urban Masked,ESports 2013 Case,Gold,403.0,FT,YOUPIN
★ Gut Knife | Urban Masked,ESports 2013 Case,Gold,450.0,MW,BUFF
★ Gut Knife | Urban Masked,ESports 2013 Case,Gold,379.0,WW,YOUPIN
★ Hand Wraps | Arboreal,Revolution Case,Gold,369.0,BS,BUFF
★ Hand Wraps | Arboreal,Clutch Case,Gold,1899.3,FN,BUFF
★ Hand Wraps | Arboreal,Revolution Case,Gold,393.06,FT,C5
★ Hand Wraps | Arboreal,Clutch Case,Gold,711.99,MW,BUFF
★ Hand Wraps | Arboreal,Clutch Case,Gold,385.0,WW,BUFF
★ Hand Wraps | CAUTION!,Recoil Case,Gold,848.0,BS,YOUPIN
★ Hand Wraps | CAUTION!,Recoil Case,Gold,6888.0,FN,YOUPIN
★ Hand Wraps | CAUTION!,Recoil Case,Gold,1009.99,FT,C5
★ Hand Wraps | CAUTION!,Recoil Case,Gold,1981.0,MW,YOUPIN
★ Hand Wraps | CAUTION!,Recoil Case,Gold,950.0,WW,C5
★ Hand Wraps | Cobalt Skulls,Clutch Case,Gold,1343.0,BS,YOUPIN
★ Hand Wraps | Cobalt Skulls,Clutch Case,Gold,10000.65,FN,C5
★ Hand Wraps | Cobalt Skulls,Clutch Case,Gold,1779.5,FT,YOUPIN
★ Hand Wraps | Cobalt Skulls,Clutch Case,Gold,4066.77,MW,C5
★ Hand Wraps | Cobalt Skulls,Clutch Case,Gold,1499.0,WW,BUFF
★ Hand Wraps | Constrictor,Recoil Case,Gold,379.5,BS,C5
★ Hand Wraps | Constrictor,Recoil Case,Gold,2450.0,FN,YOUPIN
★ Hand Wraps | Constrictor,Recoil Case,Gold,408.5,FT,YOUPIN
★ Hand Wraps | Constrictor,Recoil Case,Gold,717.0,MW,C5
★ Hand Wraps | Constrictor,Recoil Case,Gold,415.99,WW,C5
★ Hand Wraps | Desert Shamagh,Recoil Case,Gold,378.5,BS,YOUPIN
★ Hand Wraps | Desert Shamagh,Recoil Case,Gold,2987.5,FN,YOUPIN
★ Hand Wraps | Desert Shamagh,Recoil Case,Gold,362.68,FT,HALOSKINS
★ Hand Wraps | Desert Shamagh,Recoil Case,Gold,615.5,MW,C5
★ Hand Wraps | Desert Shamagh,Recoil Case,Gold,379.5,WW,YOUPIN
★ Hand Wraps | Duct Tape,Clutch Case,Gold,387.0,BS,C5
★ Hand Wraps | Duct Tape,Clutch Case,Gold,2700.0,FN,BUFF
★ Hand Wraps | Duct Tape,Clutch Case,Gold,391.9,FT,C5
★ Hand Wraps | Duct Tape,Clutch Case,Gold,667.9,MW,HALOSKINS
★ Hand Wraps | Duct Tape,Clutch Case,Gold,389.5,WW,YOUPIN
★ Hand Wraps | Giraffe,Recoil Case,Gold,384.5,BS,BUFF
★ Hand Wraps | Giraffe,Recoil Case,Gold,2899.0,FN,BUFF
★ Hand Wraps | Giraffe,Recoil Case,Gold,398.0,FT,C5
★ Hand Wraps | Giraffe,Recoil Case,Gold,724.8,MW,C5
★ Hand Wraps | Giraffe,Recoil Case,Gold,387.4,WW,YOUPIN
★ Hand Wraps | Leather,Glove Case,Gold,1518.0,BS,YOUPIN
★ Hand Wraps | Leather,Glove Case,Gold,15887.0,FN,YOUPIN
★ Hand Wraps | Leather,Glove Case,Gold,7140.0,FT,YOUPIN
★ Hand Wraps | Leather,Glove Case,Gold,8000.0,MW,BUFF
★ Hand Wraps | Leather,Glove Case,Gold,1930.0,WW,BUFF
★ Hand Wraps | Overprint,Clutch Case,Gold,599.0,BS,YOUPIN
★ Hand Wraps | Overprint,Clutch Case,Gold,4530.0,FN,YOUPIN
★ Hand Wraps | Overprint,Clutch Case,Gold,825.38,FT,C5
★ Hand Wraps | Overprint,Clutch Case,Gold,1527.5,MW,BUFF
★ Hand Wraps | Overprint,Clutch Case,Gold,744.5,WW,YOUPIN
★ Huntsman Knife | Autotronic,Operation Riptide Case,Gold,729.0,BS,YOUPIN
★ Huntsman Knife | Autotronic,Operation Riptide Case,Gold,1500.0,FN,BUFF
★ Huntsman Knife | Autotronic,Operation Riptide Case,Gold,750.0,FT,BUFF
★ Huntsman Knife | Autotronic,Operation Riptide Case,Gold,924.5,MW,YOUPIN
★ Huntsman Knife | Autotronic,Operation Riptide Case,Gold,730.0,WW,YOUPIN
★ Huntsman Knife | Black Laminate,Operation Riptide Case,Gold,476.0,BS,YOUPIN
★ Huntsman Knife | Black Laminate,Operation Riptide Case,Gold,949.0,FN,YOUPIN
★ Huntsman Knife | Black Laminate,Operation Riptide Case,Gold,498.5,FT,YOUPIN
★ Huntsman Knife | Black Laminate,Operation Riptide Case,Gold,566.0,MW,YOUPIN
★ Huntsman Knife | Black Laminate,Operation Riptide Case,Gold,480.0,WW,YOUPIN
★ Huntsman Knife | Bright Water,Operation Riptide Case,Gold,555.0,BS,YOUPIN
★ Huntsman Knife | Bright Water,Operation Riptide Case,Gold,594.5,FN,YOUPIN
★ Huntsman Knife | Bright Water,Operation Riptide Case,Gold,436.9,FT,YOUPIN
★ Huntsman Knife | Bright Water,Operation Riptide Case,Gold,483.0,MW,YOUPIN
★ Huntsman Knife | Bright Water,Operation Riptide Case,Gold,518.0,WW,YOUPIN
★ Huntsman Knife | Fade,Huntsman Weapon Case,Gold,4000.0,MW,YOUPIN
★ Huntsman Knife | Forest DDPAT,Huntsman Weapon Case,Gold,469.8,BS,BUFF
★ Huntsman Knife | Forest DDPAT,Huntsman Weapon Case,Gold,2133.39,FN,STEAM
★ Huntsman Knife | Forest DDPAT,Huntsman Weapon Case,Gold,460.0,FT,BUFF
★ Huntsman Knife | Forest DDPAT,Huntsman Weapon Case,Gold,656.0,MW,YOUPIN
★ Huntsman Knife | Forest DDPAT,Huntsman Weapon Case,Gold,488.0,WW,BUFF
★ Huntsman Knife | Freehand,Operation Riptide Case,Gold,661.5,BS,C5
★ Huntsman Knife | Freehand,Operation Riptide Case,Gold,634.5,FN,YOUPIN
★ Huntsman Knife | Freehand,Operation Riptide Case,Gold,505.0,FT,BUFF
★ Huntsman Knife | Freehand,Operation Riptide Case,Gold,567.5,MW,YOUPIN
★ Huntsman Knife | Freehand,Operation Riptide Case,Gold,530.0,WW,BUFF
★ Huntsman Knife | Gamma Doppler,Operation Riptide Case,Gold,1700.0,FN,YOUPIN
★ Huntsman Knife | Gamma Doppler,Operation Riptide Case,Gold,2500.0,MW,C5
★ Huntsman Knife | Lore,Operation Riptide Case,Gold,699.0,BS,BUFF
★ Huntsman Knife | Lore,Operation Riptide Case,Gold,1144.5,FN,YOUPIN
★ Huntsman Knife | Lore,Operation Riptide Case,Gold,675.0,FT,BUFF
★ Huntsman Knife | Lore,Operation Riptide Case,Gold,848.5,MW,YOUPIN
★ Huntsman Knife | Lore,Operation Riptide Case,Gold,765.5,WW,BUFF
★ Huntsman Knife | Night,Huntsman Weapon Case,Gold,598.0,BS,BUFF
★ Huntsman Knife | Night,Huntsman Weapon Case,Gold,12862.35,FN,STEAM
★ Huntsman Knife | Night,Huntsman Weapon Case,Gold,615.0,FT,YOUPIN
★ Huntsman Knife | Night,Huntsman Weapon Case,Gold,1106.0,MW,BUFF
★ Huntsman Knife | Night,Huntsman Weapon Case,Gold,970.9,WW,STEAM
★ Huntsman Knife | Safari Mesh,Huntsman Weapon Case,Gold,466.0,BS,BUFF
★ Huntsman Knife | Safari Mesh,Huntsman Weapon Case,Gold,464.0,FT,BUFF
★ Huntsman Knife | Safari Mesh,Huntsman Weapon Case,Gold,463.0,MW,YOUPIN
★ Huntsman Knife | Safari Mesh,Huntsman Weapon Case,Gold,600.0,WW,YOUPIN
★ Huntsman Knife | Scorched,Huntsman Weapon Case,Gold,616.38,BS,C5
★ Huntsman Knife | Scorched,Huntsman Weapon Case,Gold,6666.0,FN,BUFF
★ Huntsman Knife | Scorched,Huntsman Weapon Case,Gold,580.0,FT,YOUPIN
★ Huntsman Knife | Scorched,Huntsman Weapon Case,Gold,676.0,MW,YOUPIN
★ Huntsman Knife | Scorched,Huntsman Weapon Case,Gold,729.5,WW,YOUPIN
★ Huntsman Knife | Slaughter,Huntsman Weapon Case,Gold,1966.6,FN,BUFF
★ Huntsman Knife | Slaughter,Huntsman Weapon Case,Gold,2047.0,FT,BUFF
★ Huntsman Knife | Slaughter,Huntsman Weapon Case,Gold,1555.0,MW,YOUPIN
★ Huntsman Knife | Stained,Huntsman Weapon Case,Gold,710.0,BS,C5
★ Huntsman Knife | Stained,Huntsman Weapon Case,Gold,1666.0,FN,BUFF
★ Huntsman Knife | Stained,Huntsman Weapon Case,Gold,721.0,FT,YOUPIN
★ Huntsman Knife | Stained,Huntsman Weapon Case,Gold,745.0,MW,BUFF
★ Huntsman Knife | Stained,Huntsman Weapon Case,Gold,725.11,WW,C5
★ Huntsman Knife | Ultraviolet,Spectrum Case,Gold,547.33,BS,C5
★ Huntsman Knife | Urban Masked,Huntsman Weapon Case,Gold,666.0,BS,BUFF
★ Huntsman Knife | Urban Masked,Huntsman Weapon Case,Gold,2300.0,FN,YOUPIN
★ Huntsman Knife | Urban Masked,Huntsman Weapon Case,Gold,506.09,FT,C5
★ Huntsman Knife | Urban Masked,Huntsman Weapon Case,Gold,578.0,MW,YOUPIN
★ Huntsman Knife | Urban Masked,Huntsman Weapon Case,Gold,505.0,WW,BUFF
★ Karambit | Autotronic,Gamma Case,Gold,13100.0,FN,BUFF
★ Karambit | Autotronic,Gamma Case,Gold,6687.0,FT,C5
★ Karambit | Autotronic,Gamma Case,Gold,8498.5,MW,C5
★ Karambit | Autotronic,Gamma Case,Gold,5900.0,WW,C5
★ Karambit | Blue Steel,CSGO Weapon Case,Gold,4900.0,BS,YOUPIN
★ Karambit | Blue Steel,ESports 2013 Case,Gold,8549.5,FN,YOUPIN
★ Karambit | Blue Steel,ESports 2013 Case,Gold,5300.0,FT,YOUPIN
★ Karambit | Blue Steel,ESports 2013 Case,Gold,5650.0,MW,YOUPIN
★ Karambit | Blue Steel,CSGO Weapon Case,Gold,4950.0,WW,C5
★ Karambit | Boreal Forest,CSGO Weapon Case,Gold,2653.76,BS,C5
★ Karambit | Boreal Forest,CSGO Weapon Case,Gold,9800.0,FN,C5
★ Karambit | Boreal Forest,CSGO Weapon Case,Gold,2750.0,FT,BUFF
★ Karambit | Boreal Forest,CSGO Weapon Case,Gold,3050.0,MW,YOUPIN
★ Karambit | Boreal Forest,CSGO Weapon Case,Gold,2697.5,WW,YOUPIN
★ Karambit | Case Hardened,CSGO Weapon Case,Gold,4796.66,BS,BUFF
★ Karambit | Case Hardened,CSGO Weapon Case,Gold,15642.0,FN,C5
★ Karambit | Case Hardened,CSGO Weapon Case,Gold,4948.0,FT,YOUPIN
★ Karambit | Case Hardened,CSGO Weapon Case,Gold,6387.0,MW,YOUPIN
★ Karambit | Case Hardened,CSGO Weapon Case,Gold,4666.0,WW,C5
★ Karambit | Crimson Web,CSGO Weapon Case,Gold,3798.5,BS,YOUPIN
★ Karambit | Crimson Web,CSGO Weapon Case,Gold,49995.5,FN,C5
★ Karambit | Crimson Web,CSGO Weapon Case,Gold,4298.5,FT,BUFF
★ Karambit | Crimson Web,CSGO Weapon Case,Gold,7150.0,MW,YOUPIN
★ Karambit | Crimson Web,CSGO Weapon Case,Gold,3908.0,WW,YOUPIN
★ Karambit | Damascus Steel,Chroma 2 Case,Gold,4048.0,BS,YOUPIN
★ Karambit | Damascus Steel,Chroma 2 Case,Gold,4900.0,FN,YOUPIN
★ Karambit | Damascus Steel,Chroma 2 Case,Gold,4200.0,FT,BUFF
★ Karambit | Damascus Steel,Chroma 2 Case,Gold,4299.0,MW,YOUPIN
★ Karambit | Damascus Steel,Chroma 2 Case,Gold,4300.0,WW,YOUPIN
★ Karambit | Doppler,Chroma 2 Case,Gold,9949.0,FN,C5
★ Karambit | Doppler,Chroma 2 Case,Gold,9890.0,MW,YOUPIN
★ Karambit | Fade,CSGO Weapon Case,Gold,15980.0,FN,YOUPIN
★ Karambit | Fade,CSGO Weapon Case,Gold,15850.0,MW,YOUPIN
★ Karambit | Forest DDPAT,CSGO Weapon Case,Gold,2700.0,BS,YOUPIN
★ Karambit | Forest DDPAT,CSGO Weapon Case,Gold,6666.0,FN,C5
★ Karambit | Forest DDPAT,CSGO Weapon Case,Gold,2700.0,FT,BUFF
★ Karambit | Forest DDPAT,CSGO Weapon Case,Gold,2950.0,MW,BUFF
★ Karambit | Forest DDPAT,CSGO Weapon Case,Gold,2698.0,WW,YOUPIN
★ Karambit | Freehand,Gamma Case,Gold,3499.0,BS,BUFF
★ Karambit | Freehand,Gamma Case,Gold,4150.0,FN,BUFF
★ Karambit | Freehand,Gamma Case,Gold,3530.0,FT,C5
★ Karambit | Freehand,Gamma Case,Gold,3789.5,MW,YOUPIN
★ Karambit | Freehand,Gamma Case,Gold,3499.0,WW,YOUPIN
★ Karambit | Gamma Doppler,Gamma Case,Gold,19222.0,FN,BUFF
★ Karambit | Gamma Doppler,Gamma Case,Gold,14567.0,MW,YOUPIN
★ Karambit | Lore,Gamma Case,Gold,3500.0,BS,BUFF
★ Karambit | Lore,Gamma Case,Gold,10089.0,FN,YOUPIN
★ Karambit | Lore,Gamma Case,Gold,4155.0,FT,YOUPIN
★ Karambit | Lore,Gamma Case,Gold,6250.0,MW,C5
★ Karambit | Lore,Gamma Case,Gold,4500.0,WW,C5
★ Karambit | Marble Fade,Chroma 2 Case,Gold,8087.5,FN,YOUPIN
★ Karambit | Marble Fade,Chroma 2 Case,Gold,8150.0,MW,YOUPIN
★ Karambit | Night,CSGO Weapon Case,Gold,3333.0,BS,YOUPIN
★ Karambit | Night,CSGO Weapon Case,Gold,13300.0,FN,YOUPIN
★ Karambit | Night,CSGO Weapon Case,Gold,3468.88,FT,C5
★ Karambit | Night,CSGO Weapon Case,Gold,4200.0,MW,YOUPIN
★ Karambit | Night,CSGO Weapon Case,Gold,3399.0,WW,BUFF
★ Karambit | Safari Mesh,CSGO Weapon Case,Gold,2665.0,BS,YOUPIN
★ Karambit | Safari Mesh,Operation Vanguard Weapon Case,Gold,2615.0,FT,BUFF
★ Karambit | Safari Mesh,CSGO Weapon Case,Gold,2820.0,MW,YOUPIN
★ Karambit | Safari Mesh,CSGO Weapon Case,Gold,2655.0,WW,C5
★ Karambit | Scorched,CSGO Weapon Case,Gold,2769.0,BS,YOUPIN
★ Karambit | Scorched,CSGO Weapon Case,Gold,6153.0,FN,BUFF
★ Karambit | Scorched,CSGO Weapon Case,Gold,2888.0,FT,BUFF
★ Karambit | Scorched,CSGO Weapon Case,Gold,3366.0,MW,YOUPIN
★ Karambit | Scorched,CSGO Weapon Case,Gold,2839.0,WW,YOUPIN
★ Karambit | Slaughter,Operation Vanguard Weapon Case,Gold,8199.0,FN,YOUPIN
★ Karambit | Slaughter,CSGO Weapon Case,Gold,6499.0,FT,YOUPIN
★ Karambit | Slaughter,CSGO Weapon Case,Gold,6740.0,MW,YOUPIN
★ Karambit | Stained,CSGO Weapon Case 3,Gold,3499.0,BS,BUFF
★ Karambit | Stained,CSGO Weapon Case,Gold,5600.0,FN,BUFF
★ Karambit | Stained,CSGO Weapon Case,Gold,3799.5,FT,C5
★ Karambit | Stained,CSGO Weapon Case,Gold,4050.0,MW,YOUPIN
★ Karambit | Stained,CSGO Weapon Case 3,Gold,3500.0,WW,YOUPIN
★ Karambit | Tiger Tooth,Chroma 2 Case,Gold,6799.0,FN,YOUPIN
★ Karambit | Urban Masked,CSGO Weapon Case 3,Gold,2819.0,BS,YOUPIN
★ Karambit | Urban Masked,CSGO Weapon Case 3,Gold,7500.0,FN,BUFF
★ Karambit | Urban Masked,CSGO Weapon Case 3,Gold,2749.5,FT,C5
★ Karambit | Urban Masked,CSGO Weapon Case 3,Gold,3100.0,MW,YOUPIN
★ Karambit | Urban Masked,CSGO Weapon Case 3,Gold,2736.0,WW,YOUPIN
★ M9 Bayonet | Blue Steel,CSGO Weapon Case 3,Gold,3660.0,BS,C5
★ M9 Bayonet | Blue Steel,CSGO Weapon Case 3,Gold,5794.0,FN,YOUPIN
★ M9 Bayonet | Blue Steel,CSGO Weapon Case 3,Gold,3777.5,FT,C5
★ M9 Bayonet | Blue Steel,CSGO Weapon Case 3,Gold,3940.0,MW,YOUPIN
★ M9 Bayonet | Blue Steel,CSGO Weapon Case 3,Gold,3620.0,WW,C5
★ M9 Bayonet | Boreal Forest,CSGO Weapon Case 3,Gold,2058.5,BS,YOUPIN
★ M9 Bayonet | Boreal Forest,CSGO Weapon Case 3,Gold,6999.0,FN,BUFF
★ M9 Bayonet | Boreal Forest,CSGO Weapon Case 3,Gold,2009.0,FT,YOUPIN
★ M9 Bayonet | Boreal Forest,CSGO Weapon Case 3,Gold,2279.0,MW,C5
★ M9 Bayonet | Boreal Forest,CSGO Weapon Case 3,Gold,2100.0,WW,BUFF
★ M9 Bayonet | Case Hardened,CSGO Weapon Case 3,Gold,3199.0,BS,YOUPIN
★ M9 Bayonet | Case Hardened,CSGO Weapon Case 3,Gold,8500.0,FN,BUFF
★ M9 Bayonet | Case Hardened,CSGO Weapon Case 3,Gold,3499.0,FT,C5
★ M9 Bayonet | Case Hardened,CSGO Weapon Case 3,Gold,3950.0,MW,BUFF
★ M9 Bayonet | Case Hardened,CSGO Weapon Case 3,Gold,3268.0,WW,YOUPIN
★ M9 Bayonet | Crimson Web,CSGO Weapon Case 3,Gold,3298.5,BS,YOUPIN
★ M9 Bayonet | Crimson Web,CSGO Weapon Case 3,Gold,35200.0,FN,BUFF
★ M9 Bayonet | Crimson Web,Winter Offensive Weapon Case,Gold,3250.0,FT,YOUPIN
★ M9 Bayonet | Crimson Web,CSGO Weapon Case 3,Gold,6199.0,MW,YOUPIN
★ M9 Bayonet | Crimson Web,CSGO Weapon Case 3,Gold,3000.0,WW,BUFF
★ M9 Bayonet | Damascus Steel,Chroma 3 Case,Gold,3600.0,BS,YOUPIN
★ M9 Bayonet | Damascus Steel,Chroma 3 Case,Gold,3600.0,FN,YOUPIN
★ M9 Bayonet | Damascus Steel,Chroma 3 Case,Gold,3210.0,FT,YOUPIN
★ M9 Bayonet | Damascus Steel,Chroma 3 Case,Gold,3203.65,MW,HALOSKINS
★ M9 Bayonet | Damascus Steel,Chroma 3 Case,Gold,3150.0,WW,YOUPIN
★ M9 Bayonet | Doppler,Chroma 3 Case,Gold,7858.88,MW,BUFF
★ M9 Bayonet | Fade,CSGO Weapon Case 3,Gold,8380.0,FN,YOUPIN
★ M9 Bayonet | Fade,CSGO Weapon Case 3,Gold,8800.0,MW,YOUPIN
★ M9 Bayonet | Forest DDPAT,CSGO Weapon Case 3,Gold,2088.0,BS,C5
★ M9 Bayonet | Forest DDPAT,CSGO Weapon Case 3,Gold,160000.0,FN,YOUPIN
★ M9 Bayonet | Forest DDPAT,CSGO Weapon Case 3,Gold,2065.49,FT,YOUPIN
★ M9 Bayonet | Forest DDPAT,CSGO Weapon Case 3,Gold,2301.0,MW,YOUPIN
★ M9 Bayonet | Forest DDPAT,CSGO Weapon Case 3,Gold,2035.0,WW,YOUPIN
★ M9 Bayonet | Marble Fade,Chroma 3 Case,Gold,6230.0,FN,C5
★ M9 Bayonet | Marble Fade,Chroma 3 Case,Gold,6199.0,MW,YOUPIN
★ M9 Bayonet | Night,ESports 2013 Winter Case,Gold,2420.0,BS,C5
★ M9 Bayonet | Night,ESports 2013 Winter Case,Gold,8855.0,FN,C5
★ M9 Bayonet | Night,ESports 2013 Winter Case,Gold,2417.5,FT,C5
★ M9 Bayonet | Night,ESports 2013 Winter Case,Gold,3239.5,MW,BUFF
★ M9 Bayonet | Night,ESports 2013 Winter Case,Gold,2387.5,WW,YOUPIN
★ M9 Bayonet | Rust Coat,Chroma 3 Case,Gold,2549.5,BS,BUFF
★ M9 Bayonet | Rust Coat,Chroma 3 Case,Gold,2887.0,WW,YOUPIN
★ M9 Bayonet | Safari Mesh,ESports 2013 Winter Case,Gold,2150.0,BS,YOUPIN
★ M9 Bayonet | Safari Mesh,ESports 2013 Winter Case,Gold,1990.0,FT,C5
★ M9 Bayonet | Safari Mesh,ESports 2013 Winter Case,Gold,2130.0,MW,YOUPIN
★ M9 Bayonet | Safari Mesh,ESports 2013 Winter Case,Gold,1992.0,WW,YOUPIN
★ M9 Bayonet | Scorched,Winter Offensive Weapon Case,Gold,2267.0,BS,C5
★ M9 Bayonet | Scorched,ESports 2013 Winter Case,Gold,8176.0,FN,C5
★ M9 Bayonet | Scorched,ESports 2013 Winter Case,Gold,2066.87,FT,C5
★ M9 Bayonet | Scorched,ESports 2013 Winter Case,Gold,2400.0,MW,BUFF
★ M9 Bayonet | Scorched,ESports 2013 Winter Case,Gold,2060.0,WW,YOUPIN
★ M9 Bayonet | Slaughter,ESports 2013 Winter Case,Gold,6600.0,FN,YOUPIN
★ M9 Bayonet | Slaughter,ESports 2013 Winter Case,Gold,4800.0,FT,BUFF
★ M9 Bayonet | Slaughter,Winter Offensive Weapon Case,Gold,5240.0,MW,YOUPIN
★ M9 Bayonet | Stained,ESports 2013 Winter Case,Gold,2650.0,BS,YOUPIN
★ M9 Bayonet | Stained,ESports 2013 Winter Case,Gold,3800.0,FN,BUFF
★ M9 Bayonet | Stained,ESports 2013 Winter Case,Gold,2858.0,FT,YOUPIN
★ M9 Bayonet | Stained,ESports 2013 Winter Case,Gold,3019.5,MW,BUFF
★ M9 Bayonet | Stained,ESports 2013 Winter Case,Gold,2680.0,WW,BUFF
★ M9 Bayonet | Tiger Tooth,Chroma 3 Case,Gold,5130.0,FN,C5
★ M9 Bayonet | Tiger Tooth,Chroma 3 Case,Gold,5100.0,MW,BUFF
★ M9 Bayonet | Ultraviolet,Chroma 3 Case,Gold,2438.5,BS,C5
★ M9 Bayonet | Ultraviolet,Chroma 3 Case,Gold,8499.5,FN,YOUPIN
★ M9 Bayonet | Ultraviolet,Chroma 3 Case,Gold,2565.0,FT,C5
★ M9 Bayonet | Ultraviolet,Chroma 3 Case,Gold,3475.0,MW,BUFF
★ M9 Bayonet | Ultraviolet,Chroma 3 Case,Gold,2500.0,WW,YOUPIN
★ M9 Bayonet | Urban Masked,ESports 2013 Winter Case,Gold,2200.0,BS,YOUPIN
★ M9 Bayonet | Urban Masked,Winter Offensive Weapon Case,Gold,2072.0,FT,YOUPIN
★ M9 Bayonet | Urban Masked,ESports 2013 Winter Case,Gold,2380.0,MW,YOUPIN
★ M9 Bayonet | Urban Masked,ESports 2013 Winter Case,Gold,2079.5,WW,YOUPIN
★ Moto Gloves | 3rd Commando Company,Recoil Case,Gold,360.0,BS,C5
★ Moto Gloves | 3rd Commando Company,Recoil Case,Gold,2249.0,FN,YOUPIN
★ Moto Gloves | 3rd Commando Company,Recoil Case,Gold,363.0,FT,C5
★ Moto Gloves | 3rd Commando Company,Recoil Case,Gold,683.0,MW,C5
★ Moto Gloves | 3rd Commando Company,Operation Broken Fang Case,Gold,365.5,WW,YOUPIN
★ Moto Gloves | Blood Pressure,Recoil Case,Gold,686.0,BS,YOUPIN
★ Moto Gloves | Blood Pressure,Recoil Case,Gold,6000.0,FN,C5
★ Moto Gloves | Blood Pressure,Recoil Case,Gold,980.0,FT,BUFF
★ Moto Gloves | Blood Pressure,Recoil Case,Gold,1800.0,MW,YOUPIN
★ Moto Gloves | Blood Pressure,Recoil Case,Gold,919.5,WW,BUFF
★ Moto Gloves | Boom!,Glove Case,Gold,749.0,BS,C5
★ Moto Gloves | Boom!,Glove Case,Gold,11888.0,FN,C5
★ Moto Gloves | Boom!,Glove Case,Gold,4289.5,FT,C5
★ Moto Gloves | Boom!,Glove Case,Gold,4778.8,MW,HALOSKINS
★ Moto Gloves | Boom!,Glove Case,Gold,1419.5,WW,YOUPIN
★ Moto Gloves | Cool Mint,Glove Case,Gold,1196.0,BS,BUFF
★ Moto Gloves | Cool Mint,Glove Case,Gold,29499.0,FN,YOUPIN
★ Moto Gloves | Cool Mint,Glove Case,Gold,11030.0,FT,YOUPIN
★ Moto Gloves | Cool Mint,Glove Case,Gold,12400.0,MW,BUFF
★ Moto Gloves | Cool Mint,Glove Case,Gold,2967.5,WW,C5
★ Moto Gloves | Eclipse,Glove Case,Gold,750.0,BS,YOUPIN
★ Moto Gloves | Eclipse,Glove Case,Gold,7900.0,FN,C5
★ Moto Gloves | Eclipse,Glove Case,Gold,4270.0,FT,YOUPIN
★ Moto Gloves | Eclipse,Glove Case,Gold,4999.0,MW,BUFF
★ Moto Gloves | Eclipse,Glove Case,Gold,1124.0,WW,YOUPIN
★ Moto Gloves | Finish Line,Recoil Case,Gold,469.5,BS,YOUPIN
★ Moto Gloves | Finish Line,Recoil Case,Gold,6973.27,FN,C5
★ Moto Gloves | Finish Line,Recoil Case,Gold,753.89,FT,C5
★ Moto Gloves | Finish Line,Recoil Case,Gold,1580.0,MW,YOUPIN
★ Moto Gloves | Finish Line,Recoil Case,Gold,610.0,WW,BUFF
★ Moto Gloves | POW!,Clutch Case,Gold,436.0,BS,YOUPIN
★ Moto Gloves | POW!,Clutch Case,Gold,6288.0,FN,YOUPIN
★ Moto Gloves | POW!,Revolution Case,Gold,778.0,FT,C5
★ Moto Gloves | POW!,Revolution Case,Gold,2154.98,MW,C5
★ Moto Gloves | POW!,Clutch Case,Gold,595.5,WW,BUFF
★ Moto Gloves | Polygon,Revolution Case,Gold,696.0,BS,BUFF
★ Moto Gloves | Polygon,Clutch Case,Gold,5100.0,FN,BUFF
★ Moto Gloves | Polygon,Clutch Case,Gold,899.0,FT,YOUPIN
★ Moto Gloves | Polygon,Clutch Case,Gold,1688.0,MW,YOUPIN
★ Moto Gloves | Polygon,Clutch Case,Gold,850.0,WW,YOUPIN
★ Moto Gloves | Smoke Out,Recoil Case,Gold,641.5,BS,YOUPIN
★ Moto Gloves | Smoke Out,Recoil Case,Gold,6499.5,FN,BUFF
★ Moto Gloves | Smoke Out,Recoil Case,Gold,840.0,FT,YOUPIN
★ Moto Gloves | Smoke Out,Recoil Case,Gold,1675.0,MW,C5
★ Moto Gloves | Smoke Out,Recoil Case,Gold,782.0,WW,YOUPIN
★ Moto Gloves | Spearmint,Glove Case,Gold,3177.8,BS,C5
★ Moto Gloves | Spearmint,Glove Case,Gold,122110.0,FN,C5
★ Moto Gloves | Spearmint,Glove Case,Gold,24500.0,FT,BUFF
★ Moto Gloves | Spearmint,Glove Case,Gold,36250.0,MW,YOUPIN
★ Moto Gloves | Spearmint,Glove Case,Gold,10186.0,WW,YOUPIN
★ Moto Gloves | Transport,Clutch Case,Gold,338.88,BS,YOUPIN
★ Moto Gloves | Transport,Clutch Case,Gold,3159.0,FN,BUFF
★ Moto Gloves | Transport,Clutch Case,Gold,339.0,FT,BUFF
★ Moto Gloves | Transport,Clutch Case,Gold,681.5,MW,BUFF
★ Moto Gloves | Transport,Revolution Case,Gold,330.0,WW,BUFF
★ Moto Gloves | Turtle,Revolution Case,Gold,465.0,BS,C5
★ Moto Gloves | Turtle,Clutch Case,Gold,5000.0,FN,YOUPIN
★ Moto Gloves | Turtle,Clutch Case,Gold,617.9,FT,C5
★ Moto Gloves | Turtle,Clutch Case,Gold,1481.5,MW,YOUPIN
★ Moto Gloves | Turtle,Revolution Case,Gold,522.0,WW,YOUPIN
★ Navaja Knife | Blue Steel,Danger Zone Case,Gold,443.5,BS,C5
★ Navaja Knife | Blue Steel,Danger Zone Case,Gold,750.0,FN,BUFF
★ Navaja Knife | Blue Steel,Danger Zone Case,Gold,424.03,FT,YOUPIN
★ Navaja Knife | Blue Steel,Danger Zone Case,Gold,440.0,MW,YOUPIN
★ Navaja Knife | Blue Steel,Danger Zone Case,Gold,453.0,WW,YOUPIN
★ Navaja Knife | Boreal Forest,Danger Zone Case,Gold,355.0,BS,YOUPIN
★ Navaja Knife | Boreal Forest,Danger Zone Case,Gold,1415.0,FN,C5
★ Navaja Knife | Boreal Forest,Danger Zone Case,Gold,350.0,FT,C5
★ Navaja Knife | Boreal Forest,Danger Zone Case,Gold,392.07,MW,YOUPIN
★ Navaja Knife | Boreal Forest,Danger Zone Case,Gold,398.0,WW,YOUPIN
★ Navaja Knife | Case Hardened,Danger Zone Case,Gold,596.98,BS,BUFF
★ Navaja Knife | Case Hardened,Danger Zone Case,Gold,1199.0,FN,YOUPIN
★ Navaja Knife | Case Hardened,Danger Zone Case,Gold,590.0,FT,YOUPIN
★ Navaja Knife | Case Hardened,Danger Zone Case,Gold,700.0,MW,YOUPIN
★ Navaja Knife | Case Hardened,Danger Zone Case,Gold,596.47,WW,BUFF
★ Navaja Knife | Crimson Web,Danger Zone Case,Gold,510.0,BS,BUFF
★ Navaja Knife | Crimson Web,Danger Zone Case,Gold,4000.0,FN,BUFF
★ Navaja Knife | Crimson Web,Danger Zone Case,Gold,494.0,FT,YOUPIN
★ Navaja Knife | Crimson Web,Danger Zone Case,Gold,610.0,MW,C5
★ Navaja Knife | Crimson Web,Danger Zone Case,Gold,649.0,WW,YOUPIN
★ Navaja Knife | Fade,Danger Zone Case,Gold,757.0,FN,YOUPIN
★ Navaja Knife | Fade,Danger Zone Case,Gold,880.0,MW,YOUPIN
★ Navaja Knife | Forest DDPAT,Danger Zone Case,Gold,366.0,BS,BUFF
★ Navaja Knife | Forest DDPAT,Danger Zone Case,Gold,700.0,FN,BUFF
★ Navaja Knife | Forest DDPAT,Danger Zone Case,Gold,363.5,FT,YOUPIN
★ Navaja Knife | Forest DDPAT,Danger Zone Case,Gold,380.0,MW,BUFF
★ Navaja Knife | Forest DDPAT,Danger Zone Case,Gold,380.0,WW,BUFF
★ Navaja Knife | Night Stripe,Horizon Case,Gold,395.5,BS,C5
★ Navaja Knife | Night Stripe,Danger Zone Case,Gold,2689.0,FN,C5
★ Navaja Knife | Night Stripe,Horizon Case,Gold,367.5,FT,YOUPIN
★ Navaja Knife | Night Stripe,Horizon Case,Gold,385.0,MW,YOUPIN
★ Navaja Knife | Night Stripe,Horizon Case,Gold,373.0,WW,YOUPIN
★ Navaja Knife | Safari Mesh,Horizon Case,Gold,381.0,BS,C5
★ Navaja Knife | Safari Mesh,Horizon Case,Gold,360.0,FT,BUFF
★ Navaja Knife | Safari Mesh,Horizon Case,Gold,400.0,MW,YOUPIN
★ Navaja Knife | Safari Mesh,Horizon Case,Gold,364.0,WW,C5
★ Navaja Knife | Scorched,Horizon Case,Gold,379.5,BS,YOUPIN
★ Navaja Knife | Scorched,Horizon Case,Gold,998.5,FN,BUFF
★ Navaja Knife | Scorched,Horizon Case,Gold,370.0,FT,YOUPIN
★ Navaja Knife | Scorched,Horizon Case,Gold,399.99,MW,BUFF
★ Navaja Knife | Scorched,Horizon Case,Gold,439.58,WW,C5
★ Navaja Knife | Slaughter,Horizon Case,Gold,687.5,FN,YOUPIN
★ Navaja Knife | Slaughter,Horizon Case,Gold,749.5,FT,YOUPIN
★ Navaja Knife | Slaughter,Horizon Case,Gold,625.0,MW,C5
★ Navaja Knife | Stained,Horizon Case,Gold,439.0,BS,C5
★ Navaja Knife | Stained,Horizon Case,Gold,780.0,FN,YOUPIN
★ Navaja Knife | Stained,Horizon Case,Gold,389.5,FT,BUFF
★ Navaja Knife | Stained,Horizon Case,Gold,395.0,MW,YOUPIN
★ Navaja Knife | Stained,Horizon Case,Gold,446.47,WW,C5
★ Navaja Knife | Ultraviolet,Prisma Case,Gold,384.09,BS,C5
★ Navaja Knife | Ultraviolet,Prisma Case,Gold,1256.85,FN,C5
★ Navaja Knife | Ultraviolet,Prisma Case,Gold,373.0,FT,YOUPIN
★ Navaja Knife | Ultraviolet,Prisma Case,Gold,467.0,MW,YOUPIN
★ Navaja Knife | Ultraviolet,Prisma Case,Gold,442.94,WW,C5
★ Navaja Knife | Urban Masked,Horizon Case,Gold,398.0,BS,YOUPIN
★ Navaja Knife | Urban Masked,Horizon Case,Gold,1500.0,FN,BUFF
★ Navaja Knife | Urban Masked,Horizon Case,Gold,359.0,FT,YOUPIN
★ Navaja Knife | Urban Masked,Horizon Case,Gold,403.5,MW,YOUPIN
★ Navaja Knife | Urban Masked,Horizon Case,Gold,448.64,WW,C5
★ Paracord Knife | Blue Steel,Fracture Case,Gold,587.5,BS,YOUPIN
★ Paracord Knife | Blue Steel,Fracture Case,Gold,1000.0,FN,BUFF
★ Paracord Knife | Blue Steel,Fracture Case,Gold,571.5,FT,YOUPIN
★ Paracord Knife | Blue Steel,Fracture Case,Gold,676.0,MW,BUFF
★ Paracord Knife | Blue Steel,Fracture Case,Gold,600.0,WW,BUFF
★ Paracord Knife | Boreal Forest,Fracture Case,Gold,379.0,BS,BUFF
★ Paracord Knife | Boreal Forest,Fracture Case,Gold,1400.0,FN,C5
★ Paracord Knife | Boreal Forest,Fracture Case,Gold,387.0,FT,YOUPIN
★ Paracord Knife | Boreal Forest,Fracture Case,Gold,462.0,MW,YOUPIN
★ Paracord Knife | Boreal Forest,Fracture Case,Gold,427.0,WW,YOUPIN
★ Paracord Knife | Case Hardened,Fracture Case,Gold,759.5,BS,BUFF
★ Paracord Knife | Case Hardened,Fracture Case,Gold,1700.0,FN,BUFF
★ Paracord Knife | Case Hardened,Fracture Case,Gold,752.99,FT,YOUPIN
★ Paracord Knife | Case Hardened,Fracture Case,Gold,900.0,MW,BUFF
★ Paracord Knife | Case Hardened,Fracture Case,Gold,744.0,WW,BUFF
★ Paracord Knife | Crimson Web,Fracture Case,Gold,756.0,BS,C5
★ Paracord Knife | Crimson Web,Fracture Case,Gold,10000.0,FN,BUFF
★ Paracord Knife | Crimson Web,Fracture Case,Gold,707.5,FT,YOUPIN
★ Paracord Knife | Crimson Web,Fracture Case,Gold,990.0,MW,BUFF
★ Paracord Knife | Crimson Web,Fracture Case,Gold,720.0,WW,BUFF
★ Paracord Knife | Fade,Fracture Case,Gold,1245.0,FN,BUFF
★ Paracord Knife | Fade,Fracture Case,Gold,1600.0,MW,BUFF
★ Paracord Knife | Forest DDPAT,Fracture Case,Gold,397.02,BS,C5
★ Paracord Knife | Forest DDPAT,Fracture Case,Gold,700.0,FN,BUFF
★ Paracord Knife | Forest DDPAT,Fracture Case,Gold,378.5,FT,YOUPIN
★ Paracord Knife | Forest DDPAT,Fracture Case,Gold,400.0,MW,YOUPIN
★ Paracord Knife | Forest DDPAT,Fracture Case,Gold,388.0,WW,YOUPIN
★ Paracord Knife | Night Stripe,Fracture Case,Gold,416.0,BS,C5
★ Paracord Knife | Night Stripe,Fracture Case,Gold,2129.5,FN,YOUPIN
★ Paracord Knife | Night Stripe,Fracture Case,Gold,407.5,FT,YOUPIN
★ Paracord Knife | Night Stripe,Fracture Case,Gold,487.49,MW,YOUPIN
★ Paracord Knife | Night Stripe,Fracture Case,Gold,440.0,WW,YOUPIN
★ Shadow Daggers | Blue Steel,Shadow Case,Gold,605.22,BS,C5
★ Shadow Daggers | Blue Steel,Shadow Case,Gold,849.9,FN,YOUPIN
★ Shadow Daggers | Blue Steel,Shadow Case,Gold,485.0,FT,YOUPIN
★ Shadow Daggers | Blue Steel,Shadow Case,Gold,545.9,MW,C5
★ Shadow Daggers | Blue Steel,Shadow Case,Gold,498.0,WW,BUFF
★ Shadow Daggers | Boreal Forest,Shadow Case,Gold,454.46,BS,C5
★ Shadow Daggers | Boreal Forest,Shadow Case,Gold,926.0,FN,BUFF
★ Shadow Daggers | Boreal Forest,Shadow Case,Gold,359.3,FT,YOUPIN
★ Shadow Daggers | Boreal Forest,Shadow Case,Gold,495.0,MW,BUFF
★ Shadow Daggers | Boreal Forest,Shadow Case,Gold,396.52,WW,C5
★ Shadow Daggers | Case Hardened,Shadow Case,Gold,716.33,BS,C5
★ Shadow Daggers | Case Hardened,Shadow Case,Gold,1799.0,FN,C5
★ Shadow Daggers | Case Hardened,Shadow Case,Gold,730.0,FT,BUFF
★ Shadow Daggers | Case Hardened,Shadow Case,Gold,750.0,MW,YOUPIN
★ Shadow Daggers | Case Hardened,Shadow Case,Gold,713.28,WW,C5
★ Shadow Daggers | Crimson Web,Shadow Case,Gold,596.05,BS,C5
★ Shadow Daggers | Crimson Web,Shadow Case,Gold,3399.0,FN,C5
★ Shadow Daggers | Crimson Web,Shadow Case,Gold,579.0,FT,YOUPIN
★ Shadow Daggers | Crimson Web,Shadow Case,Gold,688.0,MW,BUFF
★ Shadow Daggers | Crimson Web,Shadow Case,Gold,788.78,WW,STEAM
★ Shadow Daggers | Fade,Shadow Case,Gold,1000.0,FN,YOUPIN
★ Shadow Daggers | Fade,Shadow Case,Gold,1469.43,MW,C5
★ Shadow Daggers | Forest DDPAT,Shadow Case,Gold,504.04,BS,STEAM
★ Shadow Daggers | Forest DDPAT,Shadow Case,Gold,1051.9,FN,STEAM
★ Shadow Daggers | Forest DDPAT,Shadow Case,Gold,400.0,FT,C5
★ Shadow Daggers | Forest DDPAT,Shadow Case,Gold,410.5,MW,BUFF
★ Shadow Daggers | Forest DDPAT,Shadow Case,Gold,525.95,WW,STEAM
★ Shadow Daggers | Night,Shadow Case,Gold,4195.66,FN,STEAM
★ Skeleton Knife | Night Stripe,Shattered Web Case,Gold,998.5,BS,BUFF
★ Skeleton Knife | Night Stripe,Shattered Web Case,Gold,3400.0,FN,BUFF
★ Skeleton Knife | Night Stripe,Shattered Web Case,Gold,1079.5,FT,C5
★ Skeleton Knife | Night Stripe,Shattered Web Case,Gold,1245.0,MW,YOUPIN
★ Skeleton Knife | Night Stripe,Shattered Web Case,Gold,1049.5,WW,YOUPIN
★ Skeleton Knife | Safari Mesh,Shattered Web Case,Gold,788.0,BS,YOUPIN
★ Skeleton Knife | Safari Mesh,Shattered Web Case,Gold,1686.88,FN,BUFF
★ Skeleton Knife | Safari Mesh,Shattered Web Case,Gold,799.0,FT,C5
★ Skeleton Knife | Safari Mesh,Shattered Web Case,Gold,831.9,MW,C5
★ Skeleton Knife | Safari Mesh,Shattered Web Case,Gold,800.0,WW,BUFF
★ Skeleton Knife | Scorched,Shattered Web Case,Gold,850.0,BS,YOUPIN
★ Skeleton Knife | Scorched,Shattered Web Case,Gold,2997.0,FN,BUFF
★ Skeleton Knife | Scorched,Shattered Web Case,Gold,938.8,FT,C5
★ Skeleton Knife | Scorched,Shattered Web Case,Gold,1067.5,MW,YOUPIN
★ Skeleton Knife | Scorched,Shattered Web Case,Gold,920.0,WW,BUFF
★ Skeleton Knife | Slaughter,Fracture Case,Gold,3259.0,FN,YOUPIN
★ Skeleton Knife | Slaughter,Fracture Case,Gold,2890.0,FT,YOUPIN
★ Skeleton Knife | Slaughter,Fracture Case,Gold,2850.0,MW,BUFF
★ Skeleton Knife | Stained,Fracture Case,Gold,1241.34,BS,BUFF
★ Skeleton Knife | Stained,Fracture Case,Gold,2183.0,FN,YOUPIN
★ Skeleton Knife | Stained,Fracture Case,Gold,1347.5,FT,C5
★ Skeleton Knife | Stained,Fracture Case,Gold,1539.0,MW,YOUPIN
★ Skeleton Knife | Stained,Fracture Case,Gold,1299.0,WW,BUFF
★ Skeleton Knife | Urban Masked,Fracture Case,Gold,900.0,BS,YOUPIN
★ Skeleton Knife | Urban Masked,Fracture Case,Gold,2399.0,FN,BUFF
★ Skeleton Knife | Urban Masked,Fracture Case,Gold,924.5,FT,BUFF
★ Skeleton Knife | Urban Masked,Fracture Case,Gold,1102.5,MW,C5
★ Skeleton Knife | Urban Masked,Fracture Case,Gold,930.0,WW,BUFF
★ Specialist Gloves | Buckshot,Revolution Case,Gold,388.0,BS,BUFF
★ Specialist Gloves | Buckshot,Revolution Case,Gold,2555.0,FN,BUFF
★ Specialist Gloves | Buckshot,Revolution Case,Gold,399.99,FT,YOUPIN
★ Specialist Gloves | Buckshot,Revolution Case,Gold,769.9,MW,C5
★ Specialist Gloves | Buckshot,Revolution Case,Gold,394.5,WW,BUFF
★ Specialist Gloves | Crimson Kimono,Glove Case,Gold,10600.0,BS,C5
★ Specialist Gloves | Crimson Kimono,Glove Case,Gold,109999.0,FN,YOUPIN
★ Specialist Gloves | Crimson Kimono,Glove Case,Gold,21555.0,FT,C5
★ Specialist Gloves | Crimson Kimono,Glove Case,Gold,34500.0,MW,YOUPIN
★ Specialist Gloves | Crimson Kimono,Glove Case,Gold,18100.0,WW,C5
★ Specialist Gloves | Crimson Web,Revolution Case,Gold,820.0,BS,BUFF
★ Specialist Gloves | Crimson Web,Revolution Case,Gold,11500.0,FN,BUFF
★ Specialist Gloves | Crimson Web,Revolution Case,Gold,1162.5,FT,YOUPIN
★ Specialist Gloves | Crimson Web,Revolution Case,Gold,3378.5,MW,BUFF
★ Specialist Gloves | Crimson Web,Revolution Case,Gold,996.0,WW,BUFF
★ Specialist Gloves | Emerald Web,Glove Case,Gold,3436.0,BS,YOUPIN
★ Specialist Gloves | Emerald Web,Glove Case,Gold,88888.0,FN,YOUPIN
★ Specialist Gloves | Emerald Web,Glove Case,Gold,21300.0,FT,C5
★ Specialist Gloves | Emerald Web,Glove Case,Gold,24959.5,MW,C5
★ Specialist Gloves | Emerald Web,Glove Case,Gold,6269.0,WW,YOUPIN
★ Specialist Gloves | Fade,Revolution Case,Gold,1081.0,BS,BUFF
★ Specialist Gloves | Fade,Revolution Case,Gold,18300.0,FN,BUFF
★ Specialist Gloves | Fade,Revolution Case,Gold,1675.0,FT,C5
★ Specialist Gloves | Fade,Revolution Case,Gold,5145.0,MW,C5
★ Specialist Gloves | Fade,Revolution Case,Gold,1390.0,WW,YOUPIN
★ Specialist Gloves | Field Agent,Operation Broken Fang Case,Gold,757.0,BS,YOUPIN
★ Specialist Gloves | Field Agent,Operation Broken Fang Case,Gold,9500.0,FN,C5
★ Specialist Gloves | Field Agent,Operation Broken Fang Case,Gold,1059.59,FT,HALOSKINS
★ Specialist Gloves | Field Agent,Recoil Case,Gold,3016.89,MW,C5
★ Specialist Gloves | Field Agent,Operation Broken Fang Case,Gold,895.0,WW,YOUPIN
★ Specialist Gloves | Forest DDPAT,Glove Case,Gold,849.5,BS,YOUPIN
★ Specialist Gloves | Forest DDPAT,Glove Case,Gold,8000.0,FN,YOUPIN
★ Specialist Gloves | Forest DDPAT,Glove Case,Gold,3494.0,FT,YOUPIN
★ Specialist Gloves | Forest DDPAT,Glove Case,Gold,3886.0,MW,YOUPIN
★ Specialist Gloves | Forest DDPAT,Glove Case,Gold,1111.0,WW,YOUPIN
★ Specialist Gloves | Foundation,Glove Case,Gold,1359.0,BS,YOUPIN
★ Specialist Gloves | Foundation,Glove Case,Gold,23990.0,FN,YOUPIN
★ Specialist Gloves | Foundation,Glove Case,Gold,13998.0,FT,C5
★ Specialist Gloves | Foundation,Glove Case,Gold,15300.0,MW,C5
★ Specialist Gloves | Foundation,Glove Case,Gold,2849.5,WW,YOUPIN
★ Specialist Gloves | Lt. Commander,Operation Broken Fang Case,Gold,704.5,BS,YOUPIN
★ Specialist Gloves | Lt. Commander,Operation Broken Fang Case,Gold,5988.0,FN,YOUPIN
★ Specialist Gloves | Lt. Commander,Operation Broken Fang Case,Gold,879.8,FT,C5
★ Specialist Gloves | Lt. Commander,Operation Broken Fang Case,Gold,1859.5,MW,C5
★ Specialist Gloves | Lt. Commander,Operation Broken Fang Case,Gold,799.0,WW,YOUPIN
★ Specialist Gloves | Marble Fade,Operation Broken Fang Case,Gold,970.0,BS,BUFF
★ Specialist Gloves | Marble Fade,Operation Broken Fang Case,Gold,14200.0,FN,BUFF
★ Specialist Gloves | Marble Fade,Operation Broken Fang Case,Gold,1219.5,FT,BUFF
★ Specialist Gloves | Marble Fade,Recoil Case,Gold,4629.34,MW,C5
★ Specialist Gloves | Marble Fade,Operation Broken Fang Case,Gold,1079.0,WW,BUFF
★ Specialist Gloves | Mogul,Revolution Case,Gold,689.5,BS,YOUPIN
★ Specialist Gloves | Mogul,Revolution Case,Gold,4988.0,FN,YOUPIN
★ Specialist Gloves | Mogul,Revolution Case,Gold,800.0,FT,C5
★ Specialist Gloves | Mogul,Revolution Case,Gold,1665.07,MW,C5
★ Specialist Gloves | Mogul,Revolution Case,Gold,749.0,WW,BUFF
★ Specialist Gloves | Tiger Strike,Operation Broken Fang Case,Gold,869.0,BS,C5
★ Specialist Gloves | Tiger Strike,Operation Broken Fang Case,Gold,11666.0,FN,YOUPIN
★ Specialist Gloves | Tiger Strike,Operation Broken Fang Case,Gold,1663.5,FT,C5
★ Specialist Gloves | Tiger Strike,Operation Broken Fang Case,Gold,3848.5,MW,C5
★ Specialist Gloves | Tiger Strike,Operation Broken Fang Case,Gold,1300.0,WW,BUFF
★ Sport Gloves | Big Game,Operation Broken Fang Case,Gold,1011.5,BS,YOUPIN
★ Sport Gloves | Big Game,Operation Broken Fang Case,Gold,8098.5,FN,YOUPIN
★ Sport Gloves | Big Game,Operation Broken Fang Case,Gold,1322.49,FT,C5
★ Sport Gloves | Big Game,Operation Broken Fang Case,Gold,2395.0,MW,YOUPIN
★ Sport Gloves | Big Game,Operation Broken Fang Case,Gold,1199.0,WW,BUFF
★ Sport Gloves | Bronze Morph,Revolution Case,Gold,678.25,BS,C5
★ Sport Gloves | Bronze Morph,Revolution Case,Gold,5499.5,FN,YOUPIN
★ Sport Gloves | Bronze Morph,Revolution Case,Gold,800.0,FT,C5
★ Sport Gloves | Bronze Morph,Revolution Case,Gold,1464.93,MW,HALOSKINS
★ Sport Gloves | Bronze Morph,Revolution Case,Gold,720.0,WW,YOUPIN
★ Sport Gloves | Nocts,Operation Broken Fang Case,Gold,3195.38,BS,BUFF
★ Sport Gloves | Nocts,Operation Broken Fang Case,Gold,24700.0,FN,BUFF
★ Sport Gloves | Nocts,Operation Broken Fang Case,Gold,4712.5,FT,C5
★ Sport Gloves | Nocts,Operation Broken Fang Case,Gold,11499.0,MW,YOUPIN
★ Sport Gloves | Nocts,Operation Broken Fang Case,Gold,4188.0,WW,BUFF
★ Sport Gloves | Scarlet Shamagh,Operation Broken Fang Case,Gold,1344.0,BS,BUFF
★ Sport Gloves | Scarlet Shamagh,Operation Broken Fang Case,Gold,10659.9,FN,BUFF
★ Sport Gloves | Scarlet Shamagh,Operation Broken Fang Case,Gold,1823.8,FT,C5
★ Sport Gloves | Scarlet Shamagh,Operation Broken Fang Case,Gold,3687.0,MW,YOUPIN
★ Sport Gloves | Scarlet Shamagh,Operation Broken Fang Case,Gold,1628.5,WW,YOUPIN
★ Sport Gloves | Slingshot,Operation Broken Fang Case,Gold,1749.5,BS,YOUPIN
★ Sport Gloves | Slingshot,Operation Broken Fang Case,Gold,29500.0,FN,YOUPIN
★ Sport Gloves | Slingshot,Operation Broken Fang Case,Gold,3819.0,FT,C5
★ Sport Gloves | Slingshot,Operation Broken Fang Case,Gold,11157.5,MW,BUFF
★ Sport Gloves | Slingshot,Operation Broken Fang Case,Gold,2820.0,WW,C5
★ Sport Gloves | Superconductor,Glove Case,Gold,7900.0,BS,C5
★ Sport Gloves | Superconductor,Glove Case,Gold,109999.0,FN,C5
★ Sport Gloves | Superconductor,Glove Case,Gold,30099.5,FT,YOUPIN
★ Sport Gloves | Superconductor,Glove Case,Gold,41450.0,MW,YOUPIN
★ Sport Gloves | Superconductor,Glove Case,Gold,15400.0,WW,YOUPIN
★ Stiletto Knife | Blue Steel,Horizon Case,Gold,1285.0,BS,BUFF
★ Stiletto Knife | Blue Steel,Horizon Case,Gold,2000.0,FN,YOUPIN
★ Stiletto Knife | Blue Steel,Horizon Case,Gold,1409.5,FT,YOUPIN
★ Stiletto Knife | Blue Steel,Horizon Case,Gold,1465.0,MW,YOUPIN
★ Stiletto Knife | Blue Steel,Horizon Case,Gold,1300.0,WW,BUFF
★ Stiletto Knife | Boreal Forest,Horizon Case,Gold,900.0,BS,BUFF
★ Stiletto Knife | Boreal Forest,Horizon Case,Gold,1940.0,FN,C5
★ Stiletto Knife | Boreal Forest,Horizon Case,Gold,839.0,FT,BUFF
★ Stiletto Knife | Boreal Forest,Horizon Case,Gold,858.0,MW,YOUPIN
★ Stiletto Knife | Boreal Forest,Horizon Case,Gold,839.5,WW,C5
★ Stiletto Knife | Damascus Steel,Prisma Case,Gold,1350.0,BS,BUFF
★ Stiletto Knife | Damascus Steel,Prisma Case,Gold,1424.5,FN,YOUPIN
★ Stiletto Knife | Damascus Steel,Prisma Case,Gold,1229.5,FT,C5
★ Stiletto Knife | Damascus Steel,Prisma Case,Gold,1299.0,MW,YOUPIN
★ Stiletto Knife | Damascus Steel,Prisma Case,Gold,1230.0,WW,BUFF
★ Stiletto Knife | Doppler,Prisma Case,Gold,3237.5,FN,YOUPIN
★ Stiletto Knife | Doppler,Prisma Case,Gold,3490.0,MW,BUFF
★ Stiletto Knife | Marble Fade,Prisma Case,Gold,2149.5,FN,C5
★ Stiletto Knife | Marble Fade,Prisma Case,Gold,2198.0,MW,YOUPIN
★ Talon Knife | Scorched,Danger Zone Case,Gold,1400.0,BS,YOUPIN
★ Talon Knife | Scorched,Danger Zone Case,Gold,1495.0,FT,BUFF
★ Talon Knife | Scorched,Danger Zone Case,Gold,1699.0,MW,BUFF
★ Talon Knife | Scorched,Danger Zone Case,Gold,1487.0,WW,BUFF
★ Talon Knife | Slaughter,Danger Zone Case,Gold,4879.5,FN,YOUPIN
★ Talon Knife | Slaughter,Danger Zone Case,Gold,3650.0,FT,BUFF
★ Talon Knife | Slaughter,Danger Zone Case,Gold,3820.0,MW,YOUPIN
★ Talon Knife | Stained,Danger Zone Case,Gold,1829.0,BS,YOUPIN
★ Talon Knife | Stained,Danger Zone Case,Gold,2649.5,FN,BUFF
★ Talon Knife | Stained,Danger Zone Case,Gold,1999.0,FT,YOUPIN
★ Talon Knife | Stained,Danger Zone Case,Gold,2149.0,MW,C5
★ Talon Knife | Stained,Danger Zone Case,Gold,1999.0,WW,BUFF
★ Talon Knife | Urban Masked,Danger Zone Case,Gold,1488.0,BS,C5
★ Talon Knife | Urban Masked,Danger Zone Case,Gold,4399.0,FN,BUFF
★ Talon Knife | Urban Masked,Danger Zone Case,Gold,1455.0,FT,C5
★ Talon Knife | Urban Masked,Danger Zone Case,Gold,1730.0,MW,C5
★ Talon Knife | Urban Masked,Danger Zone Case,Gold,1470.0,WW,YOUPIN
★ Ursus Knife | Damascus Steel,Prisma 2 Case,Gold,799.0,BS,YOUPIN
★ Ursus Knife | Damascus Steel,Prisma 2 Case,Gold,729.5,FN,YOUPIN
★ Ursus Knife | Damascus Steel,Prisma 2 Case,Gold,609.0,FT,YOUPIN
★ Ursus Knife | Damascus Steel,Prisma 2 Case,Gold,650.0,MW,YOUPIN
★ Ursus Knife | Damascus Steel,Prisma 2 Case,Gold,799.0,WW,BUFF
★ Ursus Knife | Doppler,Prisma 2 Case,Gold,1900.0,FN,BUFF
★ Ursus Knife | Doppler,Prisma 2 Case,Gold,2499.0,MW,YOUPIN
★ Ursus Knife | Marble Fade,Prisma 2 Case,Gold,1285.1,FN,C5
★ Ursus Knife | Marble Fade,Prisma 2 Case,Gold,1580.0,MW,YOUPIN
★ Ursus Knife | Rust Coat,Prisma 2 Case,Gold,455.0,BS,C5
★ Ursus Knife | Rust Coat,Prisma 2 Case,Gold,502.0,WW,YOUPIN
★ Ursus Knife | Tiger Tooth,Prisma 2 Case,Gold,1119.0,FN,BUFF
★ Ursus Knife | Tiger Tooth,Prisma 2 Case,Gold,1350.0,MW,YOUPIN
