name,float_min,float_max,source
AK-47 | Elite Build,0.0,1.0,default
MP7 | Armor Core,0.0,1.0,default
Desert Eagle | Bronze Deco,0.0,1.0,default
P250 | Valence,0.0,1.0,default
Negev | Man-o'-war,0.0,1.0,default
Sawed-Off | Origami,0.0,1.0,default
AWP | Worm God,0.0,1.0,default
MAG-7 | Heat,0.0,1.0,default
CZ75-Auto | Pole Position,0.0,1.0,default
UMP-45 | Grand Prix,0.0,1.0,default
Five-SeveN | Monkey Business,0.0,1.0,default
Galil AR | Eco,0.0,1.0,default
FAMAS | Djinn,0.0,1.0,default
M4A1-S | Hyper Beast,0.0,1.0,database
MAC-10 | Neon Rider,0.0,1.0,default
★ Bayonet | Doppler,0.0,1.0,database
★ Bayonet | Damascus Steel,0.0,1.0,database
★ Bayonet | Marble Fade,0.0,1.0,database
★ Bayonet | Tiger Tooth,0.0,1.0,database
★ Bayonet | Rust Coat,0.0,1.0,database
★ Bayonet | Ultraviolet,0.0,1.0,database
★ Flip Knife | Doppler,0.0,1.0,database
★ Flip Knife | Damascus Steel,0.0,1.0,database
★ Flip Knife | Marble Fade,0.0,1.0,database
★ Flip Knife | Tiger Tooth,0.0,1.0,database
★ Flip Knife | Rust Coat,0.0,1.0,database
★ Flip Knife | Ultraviolet,0.0,1.0,database
★ Gut Knife | Doppler,0.0,1.0,database
★ Gut Knife | Damascus Steel,0.0,1.0,database
★ Gut Knife | Marble Fade,0.0,1.0,database
★ Gut Knife | Tiger Tooth,0.0,1.0,database
★ Karambit | Doppler,0.0,1.0,database
★ Karambit | Damascus Steel,0.0,1.0,database
★ Karambit | Marble Fade,0.0,1.0,database
★ Karambit | Tiger Tooth,0.0,1.0,database
★ Karambit | Rust Coat,0.0,1.0,database
★ Karambit | Ultraviolet,0.0,1.0,database
★ M9 Bayonet | Doppler,0.0,1.0,database
★ M9 Bayonet | Damascus Steel,0.0,1.0,database
★ M9 Bayonet | Marble Fade,0.0,1.0,database
★ M9 Bayonet | Tiger Tooth,0.0,1.0,database
★ M9 Bayonet | Rust Coat,0.0,1.0,database
★ M9 Bayonet | Ultraviolet,0.0,1.0,database
Dual Berettas | Ventilators,0.0,1.0,default
G3SG1 | Orange Crash,0.0,1.0,default
M249 | Spectre,0.0,1.0,default
MP9 | Bioleak,0.0,1.0,default
P2000 | Oceanic,0.0,1.0,default
SG 553 | Atlas,0.0,1.0,default
Sawed-Off | Fubar,0.0,1.0,default
Galil AR | Firefight,0.0,1.0,default
XM1014 | Black Tie,0.0,1.0,default
SSG 08 | Ghost Crusader,0.0,1.0,default
Tec-9 | Re-Entry,0.0,1.0,default
UMP-45 | Primal Saber,0.0,1.0,default
P250 | Asiimov,0.0,1.0,default
AUG | Fleet Flock,0.0,1.0,default
M4A1-S | Chantico's Fire,0.0,1.0,database
PP-Bizon | Judgement of Anubis,0.0,1.0,default
★ Gut Knife | Rust Coat,0.0,1.0,database
★ Gut Knife | Ultraviolet,0.0,1.0,database
Glock-18 | Catacombs,0.0,1.0,default
M249 | System Lock,0.0,1.0,default
P250 | Muertos,0.0,1.0,default
AWP | Man-o'-war,0.0,1.0,database
Galil AR | Chatterbox,0.0,1.0,default
M4A4 | Neo-Noir,0.0,1.0,database
MP7 | Bloodsport,0.0,1.0,database
AWP | Mortis,0.0,1.0,default
USP-S | Cortex,0.0,1.0,database
AUG | Stymphalian,0.0,1.0,default
Glock-18 | Moonrise,0.0,1.0,default
UMP-45 | Arctic Wolf,0.0,1.0,default
MAG-7 | SWAG-7,0.0,1.0,default
Negev | Lionfish,0.0,1.0,default
Nova | Wild Six,0.0,1.0,default
R8 Revolver | Grip,0.0,1.0,default
P2000 | Urban Hazard,0.0,1.0,default
MP9 | Black Sand,0.0,1.0,default
Five-SeveN | Flame Test,0.0,1.0,default
SG 553 | Aloha,0.0,1.0,default
PP-Bizon | Night Riot,0.0,1.0,default
XM1014 | Oxide Blaze,0.0,1.0,default
★ Hydra Gloves | Emerald,0.06,0.8,database
★ Hydra Gloves | Case Hardened,0.06,0.8,database
★ Hydra Gloves | Rattler,0.06,0.8,database
★ Hydra Gloves | Mangrove,0.06,0.8,database
★ Driver Gloves | Racing Green,0.06,0.8,database
★ Driver Gloves | Overtake,0.06,0.8,database
★ Driver Gloves | King Snake,0.06,0.8,database
★ Driver Gloves | Imperial Plaid,0.06,0.8,database
★ Hand Wraps | Duct Tape,0.06,0.8,database
★ Hand Wraps | Cobalt Skulls,0.06,0.8,database
★ Hand Wraps | Overprint,0.06,0.8,database
★ Hand Wraps | Arboreal,0.06,0.8,database
★ Moto Gloves | Transport,0.06,0.8,database
★ Moto Gloves | Polygon,0.06,0.8,database
★ Moto Gloves | POW!,0.06,0.8,database
★ Moto Gloves | Turtle,0.06,0.8,database
★ Specialist Gloves | Fade,0.06,0.8,database
★ Specialist Gloves | Buckshot,0.06,0.8,database
★ Specialist Gloves | Crimson Web,0.06,0.8,database
★ Specialist Gloves | Mogul,0.06,0.8,database
★ Sport Gloves | Bronze Morph,0.06,0.8,database
★ Sport Gloves | Amphibious,0.06,0.8,database
★ Sport Gloves | Vice,0.06,0.8,database
★ Sport Gloves | Omega,0.06,0.8,database
SCAR-20 | Assault,0.0,1.0,default
Tec-9 | Flash Out,0.0,1.0,default
MAG-7 | Popdog,0.0,1.0,default
MAC-10 | Classic Crate,0.0,1.0,default
Dual Berettas | Elite 1.6,0.0,1.0,default
FAMAS | Decommissioned,0.0,1.0,default
Glock-18 | Sacrifice,0.0,1.0,default
M249 | Aztec,0.0,1.0,default
Five-SeveN | Buddy,0.0,1.0,default
P250 | Inferno,0.0,1.0,default
UMP-45 | Plastique,0.0,1.0,default
MP5-SD | Agent,0.0,1.0,default
P90 | Nostalgia,0.0,1.0,default
AUG | Death by Puppy,0.0,1.0,default
MP9 | Hydra,0.0,1.0,default
FAMAS | Commemoration,0.0,1.0,default
AWP | Wildfire,0.0,1.0,database
MP7 | Skulls,0.0,1.0,default
SG 553 | Ultraviolet,0.0,1.0,default
AUG | Wings,0.0,1.0,default
M4A1-S | Dark Water,0.0,1.0,default
USP-S | Dark Water,0.0,1.0,default
Glock-18 | Dragon Tattoo,0.0,1.0,default
Desert Eagle | Hypnotic,0.0,1.0,default
AK-47 | Case Hardened,0.0,1.0,database
AWP | Lightning Strike,0.0,0.08,database
★ Bayonet | Blue Steel,0.0,1.0,database
★ Bayonet | Boreal Forest,0.0,1.0,database
★ Bayonet | Case Hardened,0.0,1.0,database
★ Bayonet | Crimson Web,0.0,1.0,database
★ Bayonet | Fade,0.0,1.0,database
★ Bayonet | Forest DDPAT,0.0,1.0,database
★ Bayonet | Night,0.0,1.0,database
★ Bayonet | Safari Mesh,0.0,1.0,database
★ Bayonet | Scorched,0.0,1.0,database
★ Bayonet | Slaughter,0.0,1.0,database
★ Bayonet | Stained,0.0,1.0,database
★ Bayonet | Urban Masked,0.0,1.0,database
★ Flip Knife | Blue Steel,0.0,1.0,database
★ Flip Knife | Boreal Forest,0.0,1.0,database
★ Flip Knife | Case Hardened,0.0,1.0,database
★ Flip Knife | Crimson Web,0.0,1.0,database
★ Flip Knife | Fade,0.0,1.0,database
★ Flip Knife | Forest DDPAT,0.0,1.0,database
★ Flip Knife | Night,0.0,1.0,database
★ Flip Knife | Safari Mesh,0.0,1.0,database
★ Flip Knife | Scorched,0.0,1.0,database
★ Flip Knife | Slaughter,0.0,1.0,database
★ Flip Knife | Stained,0.0,1.0,database
★ Flip Knife | Urban Masked,0.0,1.0,database
★ Gut Knife | Blue Steel,0.0,1.0,database
★ Gut Knife | Boreal Forest,0.0,1.0,database
★ Gut Knife | Case Hardened,0.0,1.0,database
★ Gut Knife | Crimson Web,0.0,1.0,database
★ Gut Knife | Fade,0.0,1.0,database
★ Gut Knife | Forest DDPAT,0.0,1.0,database
★ Gut Knife | Night,0.0,1.0,database
★ Gut Knife | Safari Mesh,0.0,1.0,database
★ Gut Knife | Scorched,0.0,1.0,database
★ Gut Knife | Slaughter,0.0,1.0,database
★ Gut Knife | Stained,0.0,1.0,database
★ Gut Knife | Urban Masked,0.0,1.0,database
★ Karambit | Blue Steel,0.0,1.0,database
★ Karambit | Boreal Forest,0.0,1.0,database
★ Karambit | Case Hardened,0.0,1.0,database
★ Karambit | Crimson Web,0.0,1.0,database
★ Karambit | Fade,0.0,1.0,database
★ Karambit | Forest DDPAT,0.0,1.0,database
★ Karambit | Stained,0.0,1.0,database
★ Karambit | Urban Masked,0.0,1.0,database
★ M9 Bayonet | Blue Steel,0.0,1.0,database
★ M9 Bayonet | Boreal Forest,0.0,1.0,database
★ M9 Bayonet | Case Hardened,0.0,1.0,database
★ M9 Bayonet | Crimson Web,0.0,1.0,database
★ M9 Bayonet | Fade,0.0,1.0,database
★ M9 Bayonet | Forest DDPAT,0.0,1.0,database
★ M9 Bayonet | Night,0.0,1.0,database
★ M9 Bayonet | Safari Mesh,0.0,1.0,database
★ M9 Bayonet | Scorched,0.0,1.0,database
★ M9 Bayonet | Slaughter,0.0,1.0,database
★ M9 Bayonet | Stained,0.0,1.0,database
★ M9 Bayonet | Urban Masked,0.0,1.0,database
Tec-9 | Blue Titanium,0.0,1.0,default
M4A1-S | Blood Tiger,0.0,1.0,default
FAMAS | Hexane,0.0,1.0,default
P250 | Hive,0.0,1.0,default
SCAR-20 | Crimson Web,0.0,1.0,default
Five-SeveN | Case Hardened,0.0,1.0,default
MP9 | Hypnotic,0.0,1.0,default
Nova | Graphite,0.0,1.0,default
Dual Berettas | Hemoglobin,0.0,1.0,default
P90 | Cold Blooded,0.0,1.0,default
USP-S | Serum,0.0,1.0,default
SSG 08 | Blood in the Water,0.0,1.0,database
★ Karambit | Night,0.0,1.0,database
★ Karambit | Safari Mesh,0.0,1.0,database
★ Karambit | Scorched,0.0,1.0,database
★ Karambit | Slaughter,0.0,1.0,database
CZ75-Auto | Crimson Web,0.0,1.0,default
P2000 | Red FragCam,0.0,1.0,default
Dual Berettas | Panther,0.0,1.0,default
USP-S | Stainless,0.0,1.0,default
Glock-18 | Blue Fissure,0.0,1.0,default
CZ75-Auto | Tread Plate,0.0,1.0,default
Tec-9 | Titanium Bit,0.0,1.0,default
Desert Eagle | Heirloom,0.0,1.0,default
Five-SeveN | Copper Galaxy,0.0,1.0,default
CZ75-Auto | The Fuschia Is Now,0.0,1.0,default
P250 | Undertow,0.0,1.0,default
CZ75-Auto | Victoria,0.0,1.0,database
MP9 | Modest Threat,0.0,1.0,default
Glock-18 | Oxide Blaze,0.0,1.0,default
Nova | Wood Fired,0.0,1.0,default
M4A4 | Magnesium,0.0,1.0,default
Sawed-Off | Black Sand,0.0,1.0,default
SG 553 | Danger Close,0.0,1.0,default
Tec-9 | Fubar,0.0,1.0,default
G3SG1 | Scavenger,0.0,1.0,default
Galil AR | Signal,0.0,1.0,default
MAC-10 | Pipe Down,0.0,1.0,default
P250 | Nevermore,0.0,1.0,default
USP-S | Flashback,0.0,1.0,default
UMP-45 | Momentum,0.0,1.0,default
Desert Eagle | Mecha Industries,0.0,1.0,default
MP5-SD | Phosphor,0.0,1.0,default
AK-47 | Asiimov,0.0,1.0,database
★ Talon Knife | Forest DDPAT,0.0,1.0,database
★ Talon Knife | Night Stripe,0.0,1.0,database
★ Talon Knife | Safari Mesh,0.0,1.0,database
★ Talon Knife | Scorched,0.0,1.0,database
★ Talon Knife | Slaughter,0.0,1.0,database
★ Talon Knife | Stained,0.0,1.0,database
★ Talon Knife | Urban Masked,0.0,1.0,database
★ Navaja Knife | Blue Steel,0.0,1.0,database
★ Navaja Knife | Boreal Forest,0.0,1.0,database
★ Navaja Knife | Case Hardened,0.0,1.0,database
★ Navaja Knife | Crimson Web,0.0,1.0,database
★ Navaja Knife | Fade,0.0,1.0,database
★ Navaja Knife | Forest DDPAT,0.0,1.0,database
★ Navaja Knife | Night Stripe,0.0,1.0,database
★ Navaja Knife | Safari Mesh,0.0,1.0,database
★ Navaja Knife | Scorched,0.0,1.0,database
★ Navaja Knife | Slaughter,0.0,1.0,database
★ Navaja Knife | Stained,0.0,1.0,database
★ Navaja Knife | Urban Masked,0.0,1.0,database
★ Stiletto Knife | Blue Steel,0.0,1.0,database
★ Stiletto Knife | Boreal Forest,0.0,1.0,database
★ Stiletto Knife | Case Hardened,0.0,1.0,database
★ Stiletto Knife | Crimson Web,0.0,1.0,database
★ Stiletto Knife | Fade,0.0,1.0,database
★ Stiletto Knife | Forest DDPAT,0.0,1.0,database
★ Stiletto Knife | Night Stripe,0.0,1.0,database
★ Stiletto Knife | Safari Mesh,0.0,1.0,database
★ Stiletto Knife | Scorched,0.0,1.0,database
★ Stiletto Knife | Slaughter,0.0,1.0,database
★ Stiletto Knife | Stained,0.0,1.0,database
★ Stiletto Knife | Urban Masked,0.0,1.0,database
★ Ursus Knife | Blue Steel,0.0,1.0,database
★ Ursus Knife | Boreal Forest,0.0,1.0,database
★ Ursus Knife | Case Hardened,0.0,1.0,database
★ Ursus Knife | Crimson Web,0.0,1.0,database
★ Ursus Knife | Fade,0.0,1.0,database
★ Ursus Knife | Forest DDPAT,0.0,1.0,database
★ Ursus Knife | Night Stripe,0.0,1.0,database
★ Ursus Knife | Safari Mesh,0.0,1.0,database
★ Ursus Knife | Scorched,0.0,1.0,database
★ Ursus Knife | Slaughter,0.0,1.0,database
★ Ursus Knife | Stained,0.0,1.0,database
★ Ursus Knife | Urban Masked,0.0,1.0,database
MP5-SD | Necro Jr.,0.0,1.0,default
MAC-10 | Ensnared,0.0,1.0,default
Sawed-Off | Spirit Board,0.0,1.0,default
P2000 | Lifted Spirits,0.0,1.0,default
MAG-7 | Foresight,0.0,1.0,default
SCAR-20 | Poultrygeist,0.0,1.0,default
Five-SeveN | Scrawl,0.0,1.0,default
USP-S | Ticket to Hell,0.0,1.0,default
M4A1-S | Night Terror,0.0,1.0,default
G3SG1 | Dream Glade,0.0,1.0,default
PP-Bizon | Space Cat,0.0,1.0,default
XM1014 | Zombie Offensive,0.0,1.0,default
FAMAS | Rapid Eye Movement,0.0,1.0,default
Dual Berettas | Melondrama,0.0,1.0,default
MP7 | Abyssal Apparition,0.0,1.0,default
AK-47 | Nightwish,0.0,1.0,default
★ Butterfly Knife | Black Laminate,0.0,1.0,database
★ Huntsman Knife | Gamma Doppler,0.0,1.0,database
★ Huntsman Knife | Freehand,0.0,1.0,database
★ Huntsman Knife | Lore,0.0,1.0,database
★ Huntsman Knife | Autotronic,0.0,1.0,database
★ Huntsman Knife | Bright Water,0.0,1.0,database
★ Huntsman Knife | Black Laminate,0.0,1.0,database
★ Falchion Knife | Gamma Doppler,0.0,1.0,database
★ Falchion Knife | Freehand,0.0,1.0,database
★ Falchion Knife | Lore,0.0,1.0,database
★ Falchion Knife | Autotronic,0.0,1.0,database
★ Falchion Knife | Bright Water,0.0,1.0,database
★ Falchion Knife | Black Laminate,0.0,1.0,database
★ Shadow Daggers | Gamma Doppler,0.0,1.0,database
★ Shadow Daggers | Freehand,0.0,1.0,database
★ Shadow Daggers | Lore,0.0,1.0,database
★ Shadow Daggers | Autotronic,0.0,1.0,database
★ Shadow Daggers | Bright Water,0.0,1.0,database
★ Shadow Daggers | Black Laminate,0.0,1.0,database
★ Bowie Knife | Gamma Doppler,0.0,1.0,database
★ Bowie Knife | Freehand,0.0,1.0,database
★ Bowie Knife | Lore,0.0,1.0,database
★ Bowie Knife | Autotronic,0.0,1.0,database
★ Bowie Knife | Bright Water,0.0,1.0,database
★ Bowie Knife | Black Laminate,0.0,1.0,database
M4A4 | Faded Zebra,0.0,1.0,default
FAMAS | Doomkitty,0.0,1.0,default
MAG-7 | Memento,0.0,1.0,default
Sawed-Off | Orange DDPAT,0.0,1.0,default
P250 | Splash,0.0,1.0,default
Galil AR | Orange DDPAT,0.0,1.0,default
AK-47 | Red Laminate,0.0,1.0,database
AWP | BOOM,0.0,1.0,default
P90 | Death by Kitty,0.0,1.0,database
Galil AR | Blue Titanium,0.0,1.0,default
Five-SeveN | Nightshade,0.0,1.0,default
PP-Bizon | Water Sigil,0.0,1.0,default
Nova | Ghost Camo,0.0,1.0,default
G3SG1 | Azure Zebra,0.0,1.0,default
P250 | Steel Disruption,0.0,1.0,default
AK-47 | Blue Laminate,0.0,1.0,default
P90 | Blind Spot,0.0,1.0,default
FAMAS | Afterimage,0.0,1.0,default
AWP | Electric Hive,0.0,1.0,default
Desert Eagle | Cobalt Disruption,0.0,1.0,database
M4A4 | X-Ray,0.0,1.0,default
SSG 08 | Dark Water,0.0,1.0,default
MAC-10 | Ultraviolet,0.0,1.0,default
USP-S | Blood Tiger,0.0,1.0,default
CZ75-Auto | Hexane,0.0,1.0,default
Negev | Bratatat,0.0,1.0,default
XM1014 | Red Python,0.0,1.0,default
FAMAS | Neural Net,0.0,1.0,default
M4A4 | Evil Daimyo,0.0,1.0,default
MP9 | Ruby Poison Dart,0.0,1.0,default
Negev | Loudmouth,0.0,1.0,default
P2000 | Handgun,0.0,1.0,default
CZ75-Auto | Yellow Jacket,0.0,1.0,default
MP7 | Nemesis,0.0,1.0,default
SG 553 | Cyrex,0.0,1.0,default
AK-47 | Aquamarine Revenge,0.0,1.0,default
AWP | Hyper Beast,0.0,1.0,database
★ Falchion Knife | Blue Steel,0.0,1.0,database
★ Falchion Knife | Boreal Forest,0.0,1.0,database
★ Falchion Knife | Case Hardened,0.0,1.0,database
★ Falchion Knife | Crimson Web,0.0,1.0,database
★ Falchion Knife | Fade,0.0,1.0,database
★ Falchion Knife | Forest DDPAT,0.0,1.0,database
★ Falchion Knife | Night,0.0,1.0,database
★ Falchion Knife | Safari Mesh,0.0,1.0,database
★ Falchion Knife | Scorched,0.0,1.0,database
★ Falchion Knife | Slaughter,0.0,1.0,database
★ Falchion Knife | Stained,0.0,1.0,database
★ Falchion Knife | Urban Masked,0.0,1.0,database
Desert Eagle | Printstream,0.0,0.85,database
AK-47 | Legion of Anubis,0.0,0.8,database
XM1014 | Entombed,0.0,1.0,default
Glock-18 | Vogue,0.0,1.0,database
M4A4 | Tooth Fairy,0.0,1.0,default
MAG-7 | Monster Call,0.0,1.0,default
MAC-10 | Allure,0.0,1.0,default
MP5-SD | Kitbash,0.0,1.0,default
Tec-9 | Brother,0.0,1.0,default
SSG 08 | Mainframe 001,0.0,1.0,default
P250 | Cassette,0.0,1.0,default
P2000 | Gnarled,0.0,1.0,default
P90 | Freight,0.0,1.0,default
SG 553 | Ol' Rusty,0.0,1.0,default
Negev | Ultralight,0.0,1.0,default
PP-Bizon | Runic,0.0,1.0,default
★ Nomad Knife | Blue Steel,0.0,1.0,database
★ Nomad Knife | Boreal Forest,0.0,1.0,database
★ Nomad Knife | Case Hardened,0.0,1.0,database
★ Nomad Knife | Crimson Web,0.0,1.0,database
★ Nomad Knife | Fade,0.0,1.0,database
★ Nomad Knife | Forest DDPAT,0.0,1.0,database
★ Nomad Knife | Night Stripe,0.0,1.0,database
★ Nomad Knife | Safari Mesh,0.0,1.0,database
★ Nomad Knife | Scorched,0.0,1.0,database
★ Nomad Knife | Slaughter,0.0,1.0,database
★ Nomad Knife | Stained,0.0,1.0,database
★ Nomad Knife | Urban Masked,0.0,1.0,database
★ Skeleton Knife | Blue Steel,0.0,1.0,database
★ Skeleton Knife | Boreal Forest,0.0,1.0,database
★ Skeleton Knife | Case Hardened,0.0,1.0,database
★ Paracord Knife | Case Hardened,0.0,1.0,database
★ Paracord Knife | Crimson Web,0.0,1.0,database
★ Paracord Knife | Fade,0.0,1.0,database
★ Paracord Knife | Forest DDPAT,0.0,1.0,database
★ Paracord Knife | Night Stripe,0.0,1.0,database
★ Paracord Knife | Safari Mesh,0.0,1.0,database
★ Paracord Knife | Scorched,0.0,1.0,database
★ Paracord Knife | Slaughter,0.0,1.0,database
★ Paracord Knife | Stained,0.0,1.0,database
★ Paracord Knife | Urban Masked,0.0,1.0,database
★ Survival Knife | Blue Steel,0.0,1.0,database
★ Survival Knife | Boreal Forest,0.0,1.0,database
★ Survival Knife | Case Hardened,0.0,1.0,database
★ Survival Knife | Crimson Web,0.0,1.0,database
★ Survival Knife | Fade,0.0,1.0,database
★ Survival Knife | Forest DDPAT,0.0,1.0,database
★ Survival Knife | Night Stripe,0.0,1.0,database
★ Survival Knife | Safari Mesh,0.0,1.0,database
★ Survival Knife | Scorched,0.0,1.0,database
★ Survival Knife | Slaughter,0.0,1.0,database
★ Survival Knife | Stained,0.0,1.0,database
★ Survival Knife | Urban Masked,0.0,1.0,database
XM1014 | Slipstream,0.0,1.0,default
UMP-45 | Briefing,0.0,1.0,default
P90 | Grim,0.0,1.0,default
Negev | Dazzle,0.0,1.0,default
G3SG1 | Ventilator,0.0,1.0,default
Five-SeveN | Scumbria,0.0,1.0,default
CZ75-Auto | Imprint,0.0,1.0,default
SG 553 | Triarch,0.0,1.0,default
SCAR-20 | Powercore,0.0,1.0,default
MAG-7 | Petroglyph,0.0,1.0,default
Glock-18 | Weasel,0.0,1.0,default
Desert Eagle | Directive,0.0,1.0,default
Tec-9 | Fuel Injector,0.0,1.0,default
MP9 | Airlock,0.0,1.0,default
AUG | Syd Mead,0.0,1.0,default
AK-47 | Neon Revolution,0.0,1.0,database
FAMAS | Roll Cage,0.0,1.0,default
★ Bayonet | Gamma Doppler,0.0,1.0,database
★ Bayonet | Freehand,0.0,1.0,database
★ Bayonet | Lore,0.0,1.0,database
★ Bayonet | Autotronic,0.0,1.0,database
★ Bayonet | Bright Water,0.0,1.0,database
★ Bayonet | Black Laminate,0.0,1.0,database
★ Flip Knife | Gamma Doppler,0.0,1.0,database
★ Flip Knife | Freehand,0.0,1.0,database
★ Flip Knife | Lore,0.0,1.0,database
★ Flip Knife | Autotronic,0.0,1.0,database
★ Flip Knife | Bright Water,0.0,1.0,database
★ Flip Knife | Black Laminate,0.0,1.0,database
★ Karambit | Gamma Doppler,0.0,1.0,database
★ Karambit | Freehand,0.0,1.0,database
★ Karambit | Lore,0.0,1.0,database
★ Karambit | Autotronic,0.0,1.0,database
★ Karambit | Bright Water,0.0,1.0,database
★ Karambit | Black Laminate,0.0,1.0,database
★ M9 Bayonet | Gamma Doppler,0.0,1.0,database
★ M9 Bayonet | Freehand,0.0,1.0,database
★ M9 Bayonet | Lore,0.0,1.0,database
★ M9 Bayonet | Autotronic,0.0,1.0,database
★ M9 Bayonet | Bright Water,0.0,1.0,database
★ M9 Bayonet | Black Laminate,0.0,1.0,database
Five-SeveN | Violent Daimyo,0.0,1.0,default
MAC-10 | Carnivore,0.0,1.0,default
Nova | Exo,0.0,1.0,default
P250 | Iron Clad,0.0,1.0,default
PP-Bizon | Harvester,0.0,1.0,default
SG 553 | Aerial,0.0,1.0,default
Tec-9 | Ice Cap,0.0,1.0,default
AUG | Aristocrat,0.0,1.0,default
AWP | Phobos,0.0,1.0,default
P90 | Chopper,0.0,1.0,default
R8 Revolver | Reboot,0.0,1.0,default
Sawed-Off | Limelight,0.0,1.0,default
M4A4 | Desolate Space,0.0,1.0,database
P2000 | Imperial Dragon,0.0,1.0,default
SCAR-20 | Bloodsport,0.0,1.0,default
Glock-18 | Wasteland Rebel,0.0,1.0,default
M4A1-S | Mecha Industries,0.0,1.0,database
P2000 | Turf,0.0,1.0,default
MAG-7 | Sonar,0.0,1.0,default
MP9 | Sand Scale,0.0,1.0,default
Galil AR | Black Sand,0.0,1.0,default
MP7 | Cirrus,0.0,1.0,default
Glock-18 | Ironwork,0.0,1.0,default
CZ75-Auto | Polymer,0.0,1.0,default
USP-S | Cyrex,0.0,1.0,default
Nova | Gila,0.0,1.0,default
M4A1-S | Flashback,0.0,1.0,default
G3SG1 | Stinger,0.0,1.0,default
Dual Berettas | Royal Consorts,0.0,1.0,default
Sawed-Off | Wasteland Princess,0.0,1.0,default
P90 | Shallow Grave,0.0,1.0,default
FAMAS | Mecha Industries,0.0,1.0,default
M4A4 | Buzz Kill,0.0,1.0,database
SSG 08 | Dragonfire,0.0,1.0,database
★ Bloodhound Gloves | Snakebite,0.06,0.8,database
★ Bloodhound Gloves | Bronzed,0.06,0.8,database
★ Bloodhound Gloves | Guerrilla,0.06,0.8,database
★ Bloodhound Gloves | Charred,0.06,0.8,database
★ Driver Gloves | Crimson Weave,0.06,0.8,database
★ Driver Gloves | Lunar Weave,0.06,0.8,database
★ Driver Gloves | Diamondback,0.06,0.8,database
★ Driver Gloves | Convoy,0.06,0.8,database
★ Hand Wraps | Slaughter,0.06,0.8,database
★ Hand Wraps | Badlands,0.06,0.8,database
★ Hand Wraps | Spruce DDPAT,0.06,0.8,database
★ Hand Wraps | Leather,0.06,0.8,database
★ Moto Gloves | Spearmint,0.06,0.8,database
★ Moto Gloves | Cool Mint,0.06,0.8,database
★ Moto Gloves | Boom!,0.06,0.8,database
★ Moto Gloves | Eclipse,0.06,0.8,database
★ Specialist Gloves | Crimson Kimono,0.06,0.8,database
★ Specialist Gloves | Emerald Web,0.06,0.8,database
★ Specialist Gloves | Foundation,0.06,0.8,database
★ Specialist Gloves | Forest DDPAT,0.06,0.8,database
★ Sport Gloves | Superconductor,0.06,0.8,database
★ Sport Gloves | Hedge Maze,0.06,0.8,database
★ Sport Gloves | Pandora's Box,0.06,0.8,database
★ Sport Gloves | Arid,0.06,0.8,database
AUG | Amber Slipstream,0.0,1.0,default
Sawed-Off | Devourer,0.0,1.0,default
FAMAS | Eye of Athena,0.0,1.0,default
AK-47 | Neon Rider,0.0,0.8,database
Desert Eagle | Code Red,0.0,1.0,database
★ Talon Knife | Blue Steel,0.0,1.0,database
★ Talon Knife | Boreal Forest,0.0,1.0,database
★ Talon Knife | Case Hardened,0.0,1.0,database
★ Talon Knife | Crimson Web,0.0,1.0,database
★ Talon Knife | Fade,0.0,1.0,database
Tec-9 | Isaac,0.0,1.0,default
SSG 08 | Slashed,0.0,1.0,default
Galil AR | Kami,0.0,1.0,default
★ Huntsman Knife | Blue Steel,0.0,1.0,database
★ Huntsman Knife | Boreal Forest,0.0,1.0,database
★ Huntsman Knife | Case Hardened,0.0,1.0,database
★ Huntsman Knife | Crimson Web,0.0,1.0,database
★ Huntsman Knife | Fade,0.0,1.0,database
★ Huntsman Knife | Forest DDPAT,0.0,1.0,database
★ Huntsman Knife | Night,0.0,1.0,database
★ Huntsman Knife | Safari Mesh,0.0,1.0,database
★ Huntsman Knife | Scorched,0.0,1.0,database
★ Huntsman Knife | Slaughter,0.0,1.0,database
★ Huntsman Knife | Stained,0.0,1.0,database
★ Huntsman Knife | Urban Masked,0.0,1.0,database
P90 | Desert Warfare,0.0,1.0,default
Nova | Tempest,0.0,1.0,default
Dual Berettas | Black Limba,0.0,1.0,default
UMP-45 | Bone Pile,0.0,1.0,default
SG 553 | Wave Spray,0.0,1.0,default
Galil AR | Shattered,0.0,1.0,default
G3SG1 | Demeter,0.0,1.0,default
M4A1-S | Bright Water,0.0,1.0,default
M4A4 | Zirka,0.0,1.0,default
MAC-10 | Graven,0.0,1.0,default
USP-S | Overgrowth,0.0,1.0,default
P90 | Emerald Dragon,0.0,1.0,default
P2000 | Ocean Foam,0.0,1.0,default
AWP | Graphite,0.0,1.0,default
MP7 | Urban Hazard,0.0,1.0,default
Negev | Desert-Strike,0.0,1.0,default
P2000 | Ivory,0.0,1.0,default
SSG 08 | Abyss,0.0,1.0,default
UMP-45 | Labyrinth,0.0,1.0,default
PP-Bizon | Osiris,0.0,1.0,default
★ Butterfly Knife | Case Hardened,0.0,1.0,database
★ Butterfly Knife | Crimson Web,0.0,1.0,database
★ Butterfly Knife | Fade,0.0,1.0,database
★ Butterfly Knife | Forest DDPAT,0.0,1.0,database
★ Butterfly Knife | Night,0.0,1.0,database
★ Butterfly Knife | Safari Mesh,0.0,1.0,database
★ Butterfly Knife | Scorched,0.0,1.0,database
★ Butterfly Knife | Slaughter,0.0,1.0,database
★ Butterfly Knife | Stained,0.0,1.0,database
★ Butterfly Knife | Urban Masked,0.0,1.0,database
M4A1-S | Printstream,0.0,0.85,database
M4A4 | Cyber Security,0.0,1.0,default
USP-S | Monster Mashup,0.0,1.0,default
Five-SeveN | Fairy Tale,0.0,1.0,default
AWP | Exoskeleton,0.0,1.0,default
UMP-45 | Gold Bismuth,0.0,1.0,default
Dual Berettas | Dezastre,0.0,1.0,default
SSG 08 | Parallax,0.0,1.0,default
Nova | Clear Polymer,0.0,1.0,default
MP5-SD | Condition Zero,0.0,1.0,default
M249 | Deep Relief,0.0,1.0,default
Galil AR | Vandal,0.0,1.0,default
G3SG1 | Digital Mesh,0.0,1.0,default
P90 | Cocoa Rampage,0.0,1.0,default
★ Broken Fang Gloves | Jade,0.0,1.0,default
★ Broken Fang Gloves | Needle Point,0.0,1.0,default
★ Broken Fang Gloves | Unhinged,0.0,1.0,default
★ Driver Gloves | Snow Leopard,0.06,0.8,database
★ Driver Gloves | Black Tie,0.06,0.8,database
★ Driver Gloves | Rezan the Red,0.06,0.8,database
★ Driver Gloves | Queen Jaguar,0.06,0.8,database
★ Hand Wraps | CAUTION!,0.06,0.8,database
★ Hand Wraps | Constrictor,0.06,0.8,database
★ Hand Wraps | Giraffe,0.06,0.8,database
★ Hand Wraps | Desert Shamagh,0.06,0.8,database
★ Moto Gloves | Smoke Out,0.06,0.8,database
FAMAS | Macabre,0.0,1.0,default
M4A1-S | Briefing,0.0,1.0,default
MAC-10 | Aloha,0.0,1.0,default
MAG-7 | Hard Water,0.0,1.0,default
Tec-9 | Cut Out,0.0,1.0,default
UMP-45 | Metal Flowers,0.0,1.0,default
AK-47 | Orbit Mk01,0.0,1.0,default
P2000 | Woodsman,0.0,1.0,default
P250 | Red Rock,0.0,1.0,default
P90 | Death Grip,0.0,1.0,default
SSG 08 | Death's Head,0.0,1.0,default
Dual Berettas | Cobra Strike,0.0,1.0,default
Galil AR | Sugar Rush,0.0,1.0,default
M4A4 | Hellfire,0.0,1.0,default
Five-SeveN | Hyper Beast,0.0,1.0,database
AWP | Oni Taiji,0.0,1.0,database
UMP-45 | Corporal,0.0,1.0,default
Negev | Terrain,0.0,1.0,default
Tec-9 | Sandstorm,0.0,1.0,default
MAG-7 | Heaven Guard,0.0,1.0,default
MAC-10 | Heat,0.0,1.0,default
SG 553 | Pulse,0.0,1.0,default
FAMAS | Sergeant,0.0,1.0,default
USP-S | Guardian,0.0,1.0,default
AK-47 | Redline,0.1,1.0,database
P90 | Trigon,0.0,1.0,default
Nova | Antique,0.0,1.0,default
AWP | Asiimov,0.18,1.0,database
AUG | Chameleon,0.0,1.0,database
AUG | Plague,0.0,1.0,default
Dual Berettas | Tread,0.0,1.0,default
G3SG1 | Keeping Tabs,0.0,1.0,default
MP7 | Guerrilla,0.0,1.0,default
PP-Bizon | Lumen,0.0,1.0,default
USP-S | Black Lotus,0.0,1.0,default
XM1014 | Watchdog,0.0,1.0,default
★ Butterfly Knife | Gamma Doppler,0.0,1.0,database
★ Butterfly Knife | Freehand,0.0,1.0,database
★ Butterfly Knife | Lore,0.0,1.0,database
★ Butterfly Knife | Autotronic,0.0,1.0,database
★ Butterfly Knife | Bright Water,0.0,1.0,database
G3SG1 | Murky,0.0,1.0,default
MAG-7 | Firestarter,0.0,1.0,default
MP9 | Dart,0.0,1.0,default
Five-SeveN | Urban Hazard,0.0,1.0,default
UMP-45 | Delusion,0.0,1.0,default
Glock-18 | Grinder,0.0,1.0,default
M4A1-S | Basilisk,0.0,1.0,default
M4A4 | Griffin,0.0,1.0,default
Sawed-Off | Highwayman,0.0,1.0,default
P250 | Cartel,0.0,1.0,default
SCAR-20 | Cardiac,0.0,1.0,default
XM1014 | Tranquility,0.0,1.0,default
PP-Bizon | Photic Zone,0.0,1.0,default
Dual Berettas | Cartel,0.0,1.0,default
MAC-10 | Lapis Gator,0.0,1.0,default
AK-47 | Fuel Injector,0.0,1.0,database
★ Bowie Knife | Blue Steel,0.0,1.0,database
★ Bowie Knife | Boreal Forest,0.0,1.0,database
★ Bowie Knife | Case Hardened,0.0,1.0,database
★ Bowie Knife | Crimson Web,0.0,1.0,database
★ Bowie Knife | Fade,0.0,1.0,database
★ Bowie Knife | Forest DDPAT,0.0,1.0,database
★ Bowie Knife | Night,0.0,1.0,database
★ Bowie Knife | Safari Mesh,0.0,1.0,database
★ Bowie Knife | Scorched,0.0,1.0,database
★ Bowie Knife | Slaughter,0.0,1.0,database
★ Bowie Knife | Stained,0.0,1.0,database
★ Bowie Knife | Urban Masked,0.0,1.0,database
R8 Revolver | Bone Forged,0.0,1.0,default
Negev | Prototype,0.0,1.0,default
CZ75-Auto | Distressed,0.0,1.0,default
AUG | Tom Cat,0.0,1.0,default
MP5-SD | Desert Strike,0.0,1.0,default
Desert Eagle | Blue Ply,0.0,1.0,default
AWP | Capillary,0.0,1.0,default
Sawed-Off | Apocalypto,0.0,1.0,default
P2000 | Acid Etched,0.0,1.0,default
SCAR-20 | Enforcer,0.0,1.0,default
SG 553 | Darkwing,0.0,1.0,default
SSG 08 | Fever Dream,0.0,1.0,default
MAC-10 | Disco Tech,0.0,1.0,database
MAG-7 | Justice,0.0,1.0,default
AK-47 | Phantom Disruptor,0.0,1.0,default
Glock-18 | Bullet Queen,0.0,1.0,default
M4A1-S | Player Two,0.0,1.0,default
★ Talon Knife | Doppler,0.0,1.0,database
★ Talon Knife | Damascus Steel,0.0,1.0,database
★ Talon Knife | Marble Fade,0.0,1.0,database
★ Talon Knife | Rust Coat,0.0,1.0,database
★ Talon Knife | Tiger Tooth,0.0,1.0,database
★ Talon Knife | Ultraviolet,0.0,1.0,database
★ Navaja Knife | Doppler,0.0,1.0,database
★ Navaja Knife | Damascus Steel,0.0,1.0,database
★ Navaja Knife | Marble Fade,0.0,1.0,database
★ Stiletto Knife | Rust Coat,0.0,1.0,database
★ Stiletto Knife | Tiger Tooth,0.0,1.0,database
★ Stiletto Knife | Ultraviolet,0.0,1.0,database
★ Ursus Knife | Doppler,0.0,1.0,database
★ Ursus Knife | Damascus Steel,0.0,1.0,database
★ Ursus Knife | Marble Fade,0.0,1.0,database
★ Ursus Knife | Rust Coat,0.0,1.0,database
★ Ursus Knife | Tiger Tooth,0.0,1.0,database
★ Ursus Knife | Ultraviolet,0.0,1.0,database
FAMAS | Crypsis,0.0,1.0,default
MAC-10 | Whitefish,0.0,1.0,default
Galil AR | Akoben,0.0,1.0,default
MP7 | Mischief,0.0,1.0,default
P250 | Verdigris,0.0,1.0,default
P90 | Off World,0.0,1.0,default
AWP | Atheris,0.0,1.0,default
Tec-9 | Bamboozle,0.0,1.0,default
Desert Eagle | Light Rail,0.0,1.0,default
MP5-SD | Gauss,0.0,1.0,default
UMP-45 | Moonrise,0.0,1.0,default
R8 Revolver | Skull Crusher,0.0,1.0,default
AUG | Momentum,0.0,1.0,default
Five-SeveN | Angry Mob,0.0,1.0,default
M4A4 | The Emperor,0.0,1.0,database
★ Navaja Knife | Rust Coat,0.0,1.0,database
★ Navaja Knife | Tiger Tooth,0.0,1.0,database
★ Navaja Knife | Ultraviolet,0.0,1.0,database
★ Stiletto Knife | Doppler,0.0,1.0,database
★ Stiletto Knife | Damascus Steel,0.0,1.0,database
★ Stiletto Knife | Marble Fade,0.0,1.0,database
FAMAS | Meow 36,0.0,1.0,default
Galil AR | Destroyer,0.0,1.0,default
M4A4 | Poly Mag,0.0,1.0,default
MAC-10 | Monkeyflage,0.0,1.0,default
Negev | Drop Me,0.0,1.0,default
UMP-45 | Roadblock,0.0,1.0,default
Glock-18 | Winterized,0.0,1.0,default
R8 Revolver | Crazy 8,0.0,1.0,default
M249 | Downtown,0.0,1.0,default
SG 553 | Dragon Tech,0.0,1.0,default
P90 | Vent Rush,0.0,1.0,default
Dual Berettas | Flora Carnivora,0.0,1.0,default
AK-47 | Ice Coaled,0.0,0.85,database
P250 | Visions,0.0,1.0,default
Sawed-Off | Kiss♥Love,0.0,1.0,default
USP-S | Printstream,0.0,0.85,database
AWP | Chromatic Aberration,0.0,1.0,database
★ Moto Gloves | Finish Line,0.06,0.8,database
★ Moto Gloves | 3rd Commando Company,0.06,0.8,database
★ Specialist Gloves | Marble Fade,0.06,0.8,database
★ Specialist Gloves | Field Agent,0.06,0.8,database
★ Specialist Gloves | Tiger Strike,0.06,0.8,database
★ Specialist Gloves | Lt. Commander,0.06,0.8,database
★ Sport Gloves | Slingshot,0.06,0.8,database
★ Sport Gloves | Nocts,0.06,0.8,database
★ Sport Gloves | Scarlet Shamagh,0.06,0.8,database
★ Sport Gloves | Big Game,0.06,0.8,database
MP9 | Featherweight,0.0,1.0,default
MAG-7 | Insomnia,0.0,1.0,default
SCAR-20 | Fragments,0.0,1.0,default
P250 | Re.built,0.0,1.0,default
MP5-SD | Liquidation,0.0,1.0,default
Tec-9 | Rebel,0.0,1.0,default
M4A1-S | Emphorosaur-S,0.0,1.0,default
Glock-18 | Umbral Rabbit,0.0,1.0,default
MAC-10 | Sakkaku,0.0,1.0,default
R8 Revolver | Banana Cannon,0.0,1.0,default
AWP | Duality,0.0,1.0,database
UMP-45 | Wild Child,0.0,1.0,default
P2000 | Wicked Sick,0.0,1.0,default
AK-47 | Head Shot,0.0,1.0,default
M4A4 | Temukau,0.0,1.0,database
Desert Eagle | Corinthian,0.0,1.0,default
P2000 | Imperial,0.0,1.0,default
Sawed-Off | Yorick,0.0,1.0,default
SCAR-20 | Outbreak,0.0,1.0,default
PP-Bizon | Fuel Rod,0.0,1.0,default
Five-SeveN | Retrobution,0.0,1.0,default
Negev | Power Loader,0.0,1.0,default
SG 553 | Tiger Moth,0.0,1.0,default
Tec-9 | Avalanche,0.0,1.0,default
XM1014 | Teclu Burner,0.0,1.0,default
AK-47 | Point Disarray,0.0,1.0,default
G3SG1 | The Executioner,0.0,1.0,default
P90 | Shapewood,0.0,1.0,default
M4A4 | Royal Paladin,0.0,1.0,default
R8 Revolver | Fade,0.0,0.08,database
Dual Berettas | Dualing Dragons,0.0,1.0,default
FAMAS | Survivor Z,0.0,1.0,default
Glock-18 | Wraiths,0.0,1.0,default
MAC-10 | Rangeen,0.0,1.0,default
MAG-7 | Cobalt Core,0.0,1.0,default
SCAR-20 | Green Marine,0.0,1.0,default
XM1014 | Scumbria,0.0,1.0,default
Galil AR | Stone Cold,0.0,1.0,default
M249 | Nebula Crusader,0.0,1.0,default
MP7 | Special Delivery,0.0,1.0,default
P250 | Wingshot,0.0,1.0,default
AK-47 | Frontside Misty,0.0,1.0,default
G3SG1 | Flux,0.0,1.0,default
SSG 08 | Big Iron,0.0,1.0,default
M4A1-S | Golden Coil,0.0,1.0,database
USP-S | Kill Confirmed,0.0,0.7,database
★ Shadow Daggers | Blue Steel,0.0,1.0,database
★ Shadow Daggers | Boreal Forest,0.0,1.0,database
★ Shadow Daggers | Case Hardened,0.0,1.0,database
★ Shadow Daggers | Crimson Web,0.0,1.0,database
★ Shadow Daggers | Fade,0.0,1.0,database
★ Shadow Daggers | Forest DDPAT,0.0,1.0,database
★ Shadow Daggers | Night,0.0,1.0,database
★ Shadow Daggers | Safari Mesh,0.0,1.0,database
★ Shadow Daggers | Scorched,0.0,1.0,database
★ Shadow Daggers | Slaughter,0.0,1.0,database
★ Shadow Daggers | Stained,0.0,1.0,database
★ Shadow Daggers | Urban Masked,0.0,1.0,database
G3SG1 | Black Sand,0.0,1.0,default
SCAR-20 | Torn,0.0,1.0,default
Nova | Plume,0.0,1.0,default
M249 | Warbird,0.0,1.0,default
R8 Revolver | Memento,0.0,1.0,default
MP5-SD | Acid Wash,0.0,1.0,default
Dual Berettas | Balance,0.0,1.0,default
PP-Bizon | Embargo,0.0,1.0,default
MP7 | Neon Ply,0.0,1.0,default
P2000 | Obsidian,0.0,1.0,default
AUG | Arctic Wolf,0.0,1.0,default
AK-47 | Rat Rod,0.0,1.0,default
Tec-9 | Decimator,0.0,1.0,default
SSG 08 | Bloodshot,0.0,1.0,default
SG 553 | Colony IV,0.0,1.0,default
MAC-10 | Stalker,0.0,1.0,default
AWP | Containment Breach,0.0,1.0,database
★ Skeleton Knife | Crimson Web,0.0,1.0,database
★ Skeleton Knife | Fade,0.0,1.0,database
★ Skeleton Knife | Forest DDPAT,0.0,1.0,database
★ Skeleton Knife | Night Stripe,0.0,1.0,database
★ Skeleton Knife | Safari Mesh,0.0,1.0,database
★ Skeleton Knife | Scorched,0.0,1.0,database
★ Skeleton Knife | Slaughter,0.0,1.0,database
★ Skeleton Knife | Stained,0.0,1.0,database
★ Skeleton Knife | Urban Masked,0.0,1.0,database
★ Paracord Knife | Blue Steel,0.0,1.0,database
★ Paracord Knife | Boreal Forest,0.0,1.0,database
Nova | Windblown,0.0,1.0,default
Glock-18 | Clear Polymer,0.0,1.0,default
CZ75-Auto | Circaetus,0.0,1.0,default
UMP-45 | Oscillator,0.0,1.0,default
SG 553 | Heavy Metal,0.0,1.0,default
P250 | Cyber Shell,0.0,1.0,default
MAC-10 | Button Masher,0.0,1.0,default
Negev | dev_texture,0.0,1.0,default
Desert Eagle | Trigger Discipline,0.0,1.0,default
AK-47 | Slate,0.0,1.0,database
Galil AR | Chromatic Aberration,0.0,1.0,default
MP9 | Food Chain,0.0,1.0,default
★ Moto Gloves | Blood Pressure,0.06,0.8,database
Sawed-Off | Morris,0.0,1.0,default
AUG | Triqua,0.0,1.0,default
Tec-9 | Cracked Opal,0.0,1.0,default
MAC-10 | Oceanic,0.0,1.0,default
Glock-18 | Off World,0.0,1.0,default
G3SG1 | Hunter,0.0,1.0,default
SCAR-20 | Jungle Slipstream,0.0,1.0,default
XM1014 | Ziggy,0.0,1.0,default
SG 553 | Phantom,0.0,1.0,default
UMP-45 | Exposure,0.0,1.0,default
MP9 | Goo,0.0,1.0,default
CZ75-Auto | Tacticat,0.0,1.0,default
PP-Bizon | High Roller,0.0,1.0,default
R8 Revolver | Llama Cannon,0.0,1.0,default
M4A1-S | Leaded Glass,0.0,1.0,database
P250 | See Ya Later,0.0,1.0,database
AK-47 | The Empress,0.0,1.0,database
★ Butterfly Knife | Doppler,0.0,1.0,database
★ Butterfly Knife | Damascus Steel,0.0,1.0,database
★ Butterfly Knife | Marble Fade,0.0,1.0,database
★ Butterfly Knife | Tiger Tooth,0.0,1.0,database
★ Butterfly Knife | Rust Coat,0.0,1.0,database
★ Butterfly Knife | Ultraviolet,0.0,1.0,database
★ Huntsman Knife | Doppler,0.0,1.0,database
★ Huntsman Knife | Damascus Steel,0.0,1.0,database
★ Huntsman Knife | Marble Fade,0.0,1.0,database
★ Huntsman Knife | Tiger Tooth,0.0,1.0,database
★ Falchion Knife | Tiger Tooth,0.0,1.0,database
★ Falchion Knife | Rust Coat,0.0,1.0,database
★ Falchion Knife | Ultraviolet,0.0,1.0,database
★ Shadow Daggers | Doppler,0.0,1.0,database
★ Shadow Daggers | Damascus Steel,0.0,1.0,database
★ Shadow Daggers | Marble Fade,0.0,1.0,database
★ Shadow Daggers | Tiger Tooth,0.0,1.0,database
★ Shadow Daggers | Rust Coat,0.0,1.0,database
★ Shadow Daggers | Ultraviolet,0.0,1.0,database
★ Bowie Knife | Doppler,0.0,1.0,database
★ Bowie Knife | Damascus Steel,0.0,1.0,database
★ Bowie Knife | Marble Fade,0.0,1.0,database
★ Bowie Knife | Tiger Tooth,0.0,1.0,database
★ Bowie Knife | Rust Coat,0.0,1.0,database
★ Bowie Knife | Ultraviolet,0.0,1.0,database
PP-Bizon | Jungle Slipstream,0.0,1.0,default
SCAR-20 | Blueprint,0.0,1.0,default
Desert Eagle | Oxide Blaze,0.0,1.0,default
Five-SeveN | Capillary,0.0,1.0,default
MP7 | Akoben,0.0,1.0,default
P250 | Ripple,0.0,1.0,default
Sawed-Off | Zander,0.0,1.0,default
Galil AR | Crimson Tsunami,0.0,1.0,default
M249 | Emerald Poison Dart,0.0,1.0,default
MAC-10 | Last Dive,0.0,1.0,default
UMP-45 | Scaffold,0.0,1.0,default
XM1014 | Seasons,0.0,1.0,default
AWP | Fever Dream,0.0,1.0,database
CZ75-Auto | Xiangliu,0.0,1.0,default
M4A1-S | Decimator,0.0,1.0,default
AK-47 | Bloodsport,0.0,1.0,database
USP-S | Neo-Noir,0.0,1.0,database
★ Huntsman Knife | Rust Coat,0.0,1.0,database
★ Huntsman Knife | Ultraviolet,0.0,1.0,database
★ Falchion Knife | Doppler,0.0,1.0,database
★ Falchion Knife | Damascus Steel,0.0,1.0,database
★ Falchion Knife | Marble Fade,0.0,1.0,database
PP-Bizon | Cobalt Halftone,0.0,1.0,default
M249 | Magma,0.0,1.0,default
Five-SeveN | Kami,0.0,1.0,default
Galil AR | Sandstorm,0.0,1.0,default
