箱子名称,投入材料,材料稀有度,材料外观,材料价格,产出稀有度,需要数量,总投入,期望产出,单件利润,总利润,ROI,盈亏状态,平台
CS20 Case,SCAR-20 | Assault,Mil-Spec,FN,3.37,Restricted,10,33.7,20.88,-1.282,-12.82,-38.04%,❌亏损,BUFF
CS20 Case,Dual Berettas | Elite 1.6,Mil-Spec,FN,3.94,Restricted,10,39.4,20.88,-1.852,-18.52,-47.01%,❌亏损,BUFF
CS20 Case,Tec-9 | Flash Out,Mil-Spec,FN,4.04,Restricted,10,40.4,20.88,-1.952,-19.52,-48.32%,❌亏损,C5
CS20 Case,MAG-7 | Popdog,Mil-Spec,FN,4.09,Restricted,10,40.9,20.88,-2.002,-20.019999999999996,-48.95%,❌亏损,BUFF
CS20 Case,MAC-10 | Classic Crate,Mil-Spec,FN,5.46,Restricted,10,54.6,20.88,-3.372,-33.72,-61.76%,❌亏损,BUFF
CS20 Case,FAMAS | Decommissioned,Mil-Spec,FN,6.5,Restricted,10,65.0,20.88,-4.412,-44.12,-67.88%,❌亏损,BUFF
CS20 Case,Glock-18 | Sacrifice,Mil-Spec,FN,15.1,Restricted,10,151.0,20.88,-13.012,-130.12,-86.17%,❌亏损,C5
CS20 Case,Five-SeveN | Buddy,Restricted,FN,17.59,Classified,10,175.9,162.82666666666668,-1.3073333333333323,-13.073333333333323,-7.43%,❌亏损,BUFF
CS20 Case,UMP-45 | Plastique,Restricted,FN,18.99,Classified,10,189.89999999999998,162.82666666666668,-2.707333333333331,-27.07333333333331,-14.26%,❌亏损,BUFF
CS20 Case,M249 | Aztec,Restricted,FN,19.8,Classified,10,198.0,162.82666666666668,-3.517333333333333,-35.17333333333333,-17.76%,❌亏损,BUFF
CS20 Case,P250 | Inferno,Restricted,FN,20.22,Classified,10,202.2,162.82666666666668,-3.9373333333333314,-39.37333333333331,-19.47%,❌亏损,C5
CS20 Case,MP5-SD | Agent,Restricted,FN,27.8,Classified,10,278.0,162.82666666666668,-11.517333333333331,-115.17333333333332,-41.43%,❌亏损,BUFF
CS20 Case,AUG | Death by Puppy,Classified,FN,94.48,Covert,10,944.8000000000001,800.45,-14.435000000000002,-144.35000000000002,-15.28%,❌亏损,BUFF
CS20 Case,P90 | Nostalgia,Classified,FN,100.0,Covert,10,1000.0,800.45,-19.955,-199.54999999999998,-19.95%,❌亏损,BUFF
CS20 Case,MP9 | Hydra,Classified,FN,294.0,Covert,10,2940.0,800.45,-213.955,-2139.55,-72.77%,❌亏损,BUFF
CS20 Case,FAMAS | Commemoration,Covert,FN,311.5,Gold,5,1557.5,3382.7075,365.0415,1825.2075,117.19%,✅盈利,BUFF
CS20 Case,AWP | Wildfire,Covert,FN,1289.4,Gold,5,6447.0,3382.7075,-612.8585,-3064.2925000000005,-47.53%,❌亏损,YOUPIN
CSGO Weapon Case,MP7 | Skulls,Mil-Spec,MW,121.0,Restricted,10,1210.0,811.12,-39.888000000000005,-398.88000000000005,-32.97%,❌亏损,YOUPIN
CSGO Weapon Case,AUG | Wings,Mil-Spec,FN,122.97,Restricted,10,1229.7,811.12,-41.858,-418.58,-34.04%,❌亏损,C5
CSGO Weapon Case,SG 553 | Ultraviolet,Mil-Spec,FN,340.0,Restricted,10,3400.0,811.12,-258.88800000000003,-2588.88,-76.14%,❌亏损,BUFF
CSGO Weapon Case,USP-S | Dark Water,Restricted,MW,678.0,Classified,10,6780.0,2142.95,-463.705,-4637.05,-68.39%,❌亏损,BUFF
CSGO Weapon Case,M4A1-S | Dark Water,Restricted,MW,744.0,Classified,10,7440.0,2142.95,-529.705,-5297.05,-71.20%,❌亏损,YOUPIN
CSGO Weapon Case,Glock-18 | Dragon Tattoo,Restricted,FN,1011.36,Classified,10,10113.6,2142.95,-797.065,-7970.650000000001,-78.81%,❌亏损,C5
CSGO Weapon Case,Desert Eagle | Hypnotic,Classified,FN,1009.5,Covert,10,10095.0,3888.0,-620.7,-6207.0,-61.49%,❌亏损,C5
CSGO Weapon Case,AK-47 | Case Hardened,Classified,FN,3276.4,Covert,10,32764.0,3888.0,-2887.6,-28876.0,-88.13%,❌亏损,BUFF
CSGO Weapon Case,AWP | Lightning Strike,Covert,FN,3888.0,Gold,5,19440.0,9786.46,-1930.708,-9653.54,-49.66%,❌亏损,YOUPIN
CSGO Weapon Case 2,P250 | Hive,Mil-Spec,FN,20.0,Restricted,10,200.0,103.1725,-9.68275,-96.8275,-48.41%,❌亏损,YOUPIN
CSGO Weapon Case 2,Tec-9 | Blue Titanium,Mil-Spec,FN,20.97,Restricted,10,209.7,103.1725,-10.65275,-106.52749999999999,-50.80%,❌亏损,YOUPIN
CSGO Weapon Case 2,FAMAS | Hexane,Mil-Spec,FN,21.0,Restricted,10,210.0,103.1725,-10.68275,-106.8275,-50.87%,❌亏损,BUFF
CSGO Weapon Case 2,M4A1-S | Blood Tiger,Mil-Spec,FN,67.13,Restricted,10,671.3,103.1725,-56.81275,-568.1275,-84.63%,❌亏损,BUFF
CSGO Weapon Case 2,SCAR-20 | Crimson Web,Mil-Spec,FN,150.05,Restricted,10,1500.5,103.1725,-139.73275,-1397.3275,-93.12%,❌亏损,C5
CSGO Weapon Case 2,Nova | Graphite,Restricted,FN,66.99,Classified,10,669.9,523.0,-14.689999999999998,-146.89999999999998,-21.93%,❌亏损,BUFF
CSGO Weapon Case 2,Dual Berettas | Hemoglobin,Restricted,FN,93.7,Classified,10,937.0,523.0,-41.400000000000006,-414.00000000000006,-44.18%,❌亏损,YOUPIN
CSGO Weapon Case 2,MP9 | Hypnotic,Restricted,FN,97.0,Classified,10,970.0,523.0,-44.7,-447.0,-46.08%,❌亏损,BUFF
CSGO Weapon Case 2,Five-SeveN | Case Hardened,Restricted,FN,155.0,Classified,10,1550.0,523.0,-102.7,-1027.0,-66.26%,❌亏损,YOUPIN
CSGO Weapon Case 2,P90 | Cold Blooded,Classified,FN,399.0,Covert,10,3990.0,1099.49,-289.051,-2890.5099999999998,-72.44%,❌亏损,YOUPIN
CSGO Weapon Case 2,USP-S | Serum,Classified,FN,647.0,Covert,10,6470.0,1099.49,-537.051,-5370.51,-83.01%,❌亏损,YOUPIN
CSGO Weapon Case 2,SSG 08 | Blood in the Water,Covert,FN,1099.49,Gold,5,5497.45,3840.312777777778,-331.4274444444444,-1657.1372222222221,-30.14%,❌亏损,YOUPIN
CSGO Weapon Case 3,Dual Berettas | Panther,Mil-Spec,FN,23.59,Restricted,10,235.9,174.535,-6.136500000000002,-61.365000000000016,-26.01%,❌亏损,C5
CSGO Weapon Case 3,P2000 | Red FragCam,Mil-Spec,FN,26.41,Restricted,10,264.1,174.535,-8.956500000000002,-89.56500000000003,-33.91%,❌亏损,BUFF
CSGO Weapon Case 3,CZ75-Auto | Crimson Web,Mil-Spec,FN,125.66,Restricted,10,1256.6,174.535,-108.2065,-1082.065,-86.11%,❌亏损,YOUPIN
CSGO Weapon Case 3,Glock-18 | Blue Fissure,Mil-Spec,FN,175.0,Restricted,10,1750.0,174.535,-157.5465,-1575.4650000000001,-90.03%,❌亏损,YOUPIN
CSGO Weapon Case 3,USP-S | Stainless,Mil-Spec,FN,226.31,Restricted,10,2263.1,174.535,-208.8565,-2088.565,-92.29%,❌亏损,C5
CSGO Weapon Case 3,CZ75-Auto | Tread Plate,Restricted,FN,39.65,Classified,10,396.5,248.66000000000005,-14.783999999999995,-147.83999999999995,-37.29%,❌亏损,BUFF
CSGO Weapon Case 3,Tec-9 | Titanium Bit,Restricted,FN,54.99,Classified,10,549.9,248.66000000000005,-30.124,-301.24,-54.78%,❌亏损,YOUPIN
CSGO Weapon Case 3,Five-SeveN | Copper Galaxy,Restricted,FN,85.5,Classified,10,855.0,248.66000000000005,-60.634,-606.34,-70.92%,❌亏损,C5
CSGO Weapon Case 3,Desert Eagle | Heirloom,Restricted,FN,518.0,Classified,10,5180.0,248.66000000000005,-493.134,-4931.34,-95.20%,❌亏损,BUFF
CSGO Weapon Case 3,CZ75-Auto | The Fuschia Is Now,Classified,FN,241.33,Covert,10,2413.3,680.0,-173.33,-1733.3000000000002,-71.82%,❌亏损,YOUPIN
CSGO Weapon Case 3,P250 | Undertow,Classified,FN,255.99,Covert,10,2559.9,680.0,-187.99,-1879.9,-73.44%,❌亏损,YOUPIN
CSGO Weapon Case 3,CZ75-Auto | Victoria,Covert,FN,680.0,Gold,5,3400.0,2513.79,-177.24200000000002,-886.21,-26.06%,❌亏损,BUFF
Chroma 2 Case,Negev | Man-o'-war,Mil-Spec,MW,1.81,Restricted,10,18.1,25.56,0.746,7.46,41.22%,✅盈利,YOUPIN
Chroma 2 Case,Sawed-Off | Origami,Mil-Spec,FN,3.16,Restricted,10,31.6,25.56,-0.6040000000000001,-6.040000000000001,-19.11%,❌亏损,BUFF
Chroma 2 Case,MP7 | Armor Core,Mil-Spec,FN,3.73,Restricted,10,37.3,25.56,-1.174,-11.739999999999998,-31.47%,❌亏损,C5
Chroma 2 Case,Desert Eagle | Bronze Deco,Mil-Spec,FN,4.49,Restricted,10,44.900000000000006,25.56,-1.934,-19.34,-43.07%,❌亏损,BUFF
Chroma 2 Case,P250 | Valence,Mil-Spec,FN,8.25,Restricted,10,82.5,25.56,-5.694,-56.94,-69.02%,❌亏损,YOUPIN
Chroma 2 Case,AK-47 | Elite Build,Mil-Spec,FN,61.18,Restricted,10,611.8,25.56,-58.624,-586.24,-95.82%,❌亏损,BUFF
Chroma 2 Case,UMP-45 | Grand Prix,Restricted,FT,9.86,Classified,10,98.6,361.5266666666666,26.292666666666666,262.9266666666667,266.66%,✅盈利,YOUPIN
Chroma 2 Case,AWP | Worm God,Restricted,FN,26.79,Classified,10,267.9,361.5266666666666,9.362666666666662,93.62666666666662,34.95%,✅盈利,BUFF
Chroma 2 Case,CZ75-Auto | Pole Position,Restricted,FN,26.8,Classified,10,268.0,361.5266666666666,9.35266666666666,93.52666666666661,34.90%,✅盈利,BUFF
Chroma 2 Case,MAG-7 | Heat,Restricted,FN,38.79,Classified,10,387.9,361.5266666666666,-2.6373333333333377,-26.373333333333377,-6.80%,❌亏损,BUFF
Chroma 2 Case,Five-SeveN | Monkey Business,Classified,MW,283.08,Covert,10,2830.7999999999997,2574.0,-25.680000000000007,-256.80000000000007,-9.07%,❌亏损,BUFF
Chroma 2 Case,FAMAS | Djinn,Classified,FN,291.5,Covert,10,2915.0,2574.0,-34.10000000000002,-341.0000000000002,-11.70%,❌亏损,YOUPIN
Chroma 2 Case,Galil AR | Eco,Classified,MW,510.0,Covert,10,5100.0,2574.0,-252.6,-2526.0,-49.53%,❌亏损,BUFF
Chroma 2 Case,MAC-10 | Neon Rider,Covert,FN,900.0,Gold,5,4500.0,1662.8333333333333,-567.4333333333334,-2837.166666666667,-63.05%,❌亏损,BUFF
Chroma 2 Case,M4A1-S | Hyper Beast,Covert,FN,4248.0,Gold,5,21240.0,1662.8333333333333,-3915.433333333333,-19577.166666666664,-92.17%,❌亏损,YOUPIN
Chroma 3 Case,SSG 08 | Ghost Crusader,Restricted,BS,7.5,Classified,10,75.0,256.0366666666667,18.10366666666667,181.0366666666667,241.38%,✅盈利,C5
Chroma 3 Case,Tec-9 | Re-Entry,Restricted,FN,20.6,Classified,10,206.0,256.0366666666667,5.003666666666668,50.036666666666676,24.29%,✅盈利,BUFF
Chroma 3 Case,UMP-45 | Primal Saber,Classified,FN,215.0,Covert,10,2150.0,2280.19,13.019000000000004,130.19000000000003,6.06%,✅盈利,YOUPIN
Chroma 3 Case,AUG | Fleet Flock,Classified,FN,242.0,Covert,10,2420.0,2280.19,-13.980999999999996,-139.80999999999997,-5.78%,❌亏损,YOUPIN
Chroma 3 Case,P250 | Asiimov,Classified,MW,311.11,Covert,10,3111.1000000000004,2280.19,-83.09100000000001,-830.9100000000001,-26.71%,❌亏损,YOUPIN
Chroma 3 Case,PP-Bizon | Judgement of Anubis,Covert,FN,894.5,Gold,5,4472.5,3599.75,-174.54999999999995,-872.7499999999998,-19.51%,❌亏损,YOUPIN
Chroma 3 Case,M4A1-S | Chantico's Fire,Covert,FN,3665.88,Gold,5,18329.4,3599.75,-2945.9300000000003,-14729.650000000001,-80.36%,❌亏损,C5
Danger Zone Case,USP-S | Flashback,Restricted,FN,13.6,Classified,10,136.0,100.83333333333331,-3.5166666666666675,-35.16666666666667,-25.86%,❌亏损,C5
Danger Zone Case,UMP-45 | Momentum,Classified,FN,90.0,Covert,10,900.0,1769.75,86.975,869.75,96.64%,✅盈利,C5
Danger Zone Case,MP5-SD | Phosphor,Classified,FN,93.5,Covert,10,935.0,1769.75,83.475,834.75,89.28%,✅盈利,YOUPIN
Danger Zone Case,Desert Eagle | Mecha Industries,Classified,FN,119.0,Covert,10,1190.0,1769.75,57.975,579.75,48.72%,✅盈利,BUFF
Danger Zone Case,AWP | Neo-Noir,Covert,FN,400.0,Gold,5,2000.0,2730.5114893617024,146.1022978723405,730.5114893617025,36.53%,✅盈利,YOUPIN
Danger Zone Case,AK-47 | Asiimov,Covert,FN,3139.5,Gold,5,15697.5,2730.5114893617024,-2593.39770212766,-12966.9885106383,-82.61%,❌亏损,YOUPIN
Dreams & Nightmares Case,MAC-10 | Ensnared,Mil-Spec,FN,4.4,Restricted,10,44.0,,,,nan%,❌亏损,BUFF
Dreams & Nightmares Case,MP5-SD | Necro Jr.,Mil-Spec,FN,4.84,Restricted,10,48.4,,,,nan%,❌亏损,C5
Dreams & Nightmares Case,P2000 | Lifted Spirits,Mil-Spec,FN,4.42,Restricted,10,44.2,,,,nan%,❌亏损,C5
Dreams & Nightmares Case,Sawed-Off | Spirit Board,Mil-Spec,FN,4.98,Restricted,10,49.800000000000004,,,,nan%,❌亏损,YOUPIN
ESports 2013 Case,FAMAS | Doomkitty,Mil-Spec,MW,32.87,Restricted,10,328.7,552.9433333333333,22.42433333333333,224.24333333333328,68.22%,✅盈利,YOUPIN
ESports 2013 Case,MAG-7 | Memento,Mil-Spec,FN,39.9,Restricted,10,399.0,552.9433333333333,15.394333333333329,153.94333333333327,38.58%,✅盈利,YOUPIN
ESports 2013 Case,M4A4 | Faded Zebra,Mil-Spec,FN,300.0,Restricted,10,3000.0,552.9433333333333,-244.70566666666667,-2447.056666666667,-81.57%,❌亏损,YOUPIN
ESports 2013 Case,P250 | Splash,Restricted,FN,429.9,Classified,10,4299.0,4072.5,-22.649999999999977,-226.49999999999977,-5.27%,❌亏损,YOUPIN
ESports 2013 Case,Galil AR | Orange DDPAT,Restricted,FN,579.43,Classified,10,5794.299999999999,4072.5,-172.17999999999995,-1721.7999999999995,-29.72%,❌亏损,BUFF
ESports 2013 Case,Sawed-Off | Orange DDPAT,Restricted,FN,649.5,Classified,10,6495.0,4072.5,-242.25,-2422.5,-37.30%,❌亏损,YOUPIN
ESports 2013 Case,AK-47 | Red Laminate,Classified,FN,3146.0,Covert,10,31460.0,699.0,-3076.1,-30761.0,-97.78%,❌亏损,YOUPIN
ESports 2013 Case,AWP | BOOM,Classified,FN,4999.0,Covert,10,49990.0,699.0,-4929.1,-49291.0,-98.60%,❌亏损,C5
ESports 2013 Case,P90 | Death by Kitty,Covert,MW,699.0,Gold,5,3495.0,5374.5,375.9000000000001,1879.5000000000005,53.78%,✅盈利,BUFF
ESports 2013 Winter Case,Nova | Ghost Camo,Mil-Spec,FN,15.99,Restricted,10,159.9,136.765,-2.313500000000001,-23.13500000000001,-14.47%,❌亏损,BUFF
ESports 2013 Winter Case,PP-Bizon | Water Sigil,Mil-Spec,FN,19.47,Restricted,10,194.7,136.765,-5.7935,-57.935,-29.76%,❌亏损,C5
ESports 2013 Winter Case,P250 | Steel Disruption,Mil-Spec,FN,21.8,Restricted,10,218.0,136.765,-8.123500000000002,-81.23500000000001,-37.26%,❌亏损,BUFF
ESports 2013 Winter Case,Five-SeveN | Nightshade,Mil-Spec,FN,21.95,Restricted,10,219.5,136.765,-8.2735,-82.735,-37.69%,❌亏损,BUFF
ESports 2013 Winter Case,G3SG1 | Azure Zebra,Mil-Spec,FN,22.8,Restricted,10,228.0,136.765,-9.123500000000002,-91.23500000000001,-40.02%,❌亏损,BUFF
ESports 2013 Winter Case,Galil AR | Blue Titanium,Mil-Spec,FN,32.12,Restricted,10,321.2,136.765,-18.4435,-184.435,-57.42%,❌亏损,YOUPIN
ESports 2013 Winter Case,P90 | Blind Spot,Restricted,FN,86.03,Classified,10,860.3,580.4933333333333,-27.980666666666664,-279.8066666666666,-32.52%,❌亏损,BUFF
ESports 2013 Winter Case,AK-47 | Blue Laminate,Restricted,FN,187.5,Classified,10,1875.0,580.4933333333333,-129.45066666666668,-1294.5066666666667,-69.04%,❌亏损,C5
ESports 2013 Winter Case,FAMAS | Afterimage,Classified,FN,324.99,Covert,10,3249.9,1924.0,-132.59,-1325.9,-40.80%,❌亏损,YOUPIN
ESports 2013 Winter Case,AWP | Electric Hive,Classified,FN,707.0,Covert,10,7070.0,1924.0,-514.6,-5146.0,-72.79%,❌亏损,C5
ESports 2013 Winter Case,Desert Eagle | Cobalt Disruption,Classified,FN,709.49,Covert,10,7094.9,1924.0,-517.09,-5170.900000000001,-72.88%,❌亏损,BUFF
ESports 2013 Winter Case,M4A4 | X-Ray,Covert,FN,1924.0,Gold,5,9620.0,1950.0,-1534.0,-7670.0,-79.73%,❌亏损,C5
ESports 2014 Summer Case,XM1014 | Red Python,Mil-Spec,MW,18.0,Restricted,10,180.0,332.02000000000004,15.202000000000004,152.02000000000004,84.46%,✅盈利,BUFF
ESports 2014 Summer Case,SSG 08 | Dark Water,Mil-Spec,MW,20.87,Restricted,10,208.70000000000002,332.02000000000004,12.332000000000004,123.32000000000005,59.09%,✅盈利,BUFF
ESports 2014 Summer Case,CZ75-Auto | Hexane,Mil-Spec,FN,40.0,Restricted,10,400.0,332.02000000000004,-6.797999999999995,-67.97999999999995,-16.99%,❌亏损,YOUPIN
ESports 2014 Summer Case,USP-S | Blood Tiger,Mil-Spec,FN,51.15,Restricted,10,511.5,332.02000000000004,-17.947999999999993,-179.47999999999993,-35.09%,❌亏损,C5
ESports 2014 Summer Case,Negev | Bratatat,Mil-Spec,FN,54.37,Restricted,10,543.6999999999999,332.02000000000004,-21.167999999999992,-211.67999999999992,-38.93%,❌亏损,BUFF
ESports 2014 Summer Case,MAC-10 | Ultraviolet,Mil-Spec,FN,292.5,Restricted,10,2925.0,332.02000000000004,-259.298,-2592.98,-88.65%,❌亏损,YOUPIN
ESports 2014 Summer Case,MP7 | Ocean Foam,Restricted,FN,62.7,Classified,10,627.0,954.345,32.7345,327.34499999999997,52.21%,✅盈利,BUFF
ESports 2014 Summer Case,PP-Bizon | Blue Streak,Restricted,FN,101.0,Classified,10,1010.0,954.345,-5.5655,-55.655,-5.51%,❌亏损,BUFF
ESports 2014 Summer Case,P90 | Virus,Restricted,FN,104.0,Classified,10,1040.0,954.345,-8.5655,-85.655,-8.24%,❌亏损,BUFF
ESports 2014 Summer Case,Glock-18 | Steel Disruption,Restricted,FN,104.4,Classified,10,1044.0,954.345,-8.965500000000006,-89.65500000000006,-8.59%,❌亏损,C5
ESports 2014 Summer Case,Desert Eagle | Crimson Web,Restricted,FN,1288.0,Classified,10,12880.0,954.345,-1192.5655,-11925.654999999999,-92.59%,❌亏损,YOUPIN
ESports 2014 Summer Case,P2000 | Corticera,Classified,FN,563.0,Covert,10,5630.0,3725.0,-190.5,-1905.0,-33.84%,❌亏损,C5
ESports 2014 Summer Case,Nova | Bloomstick,Classified,FN,599.47,Covert,10,5994.700000000001,3725.0,-226.97000000000003,-2269.7000000000003,-37.86%,❌亏损,YOUPIN
ESports 2014 Summer Case,AUG | Bengal Tiger,Classified,FN,648.0,Covert,10,6480.0,3725.0,-275.5,-2755.0,-42.52%,❌亏损,YOUPIN
ESports 2014 Summer Case,AWP | Corticera,Classified,FN,2006.91,Covert,10,20069.100000000002,3725.0,-1634.41,-16344.1,-81.44%,❌亏损,HALOSKINS
ESports 2014 Summer Case,AK-47 | Jaguar,Covert,FN,4050.0,Gold,5,20250.0,,,,nan%,❌亏损,C5
ESports 2014 Summer Case,M4A4 | Bullet Rain,Covert,FN,3400.0,Gold,5,17000.0,,,,nan%,❌亏损,YOUPIN
Falchion Case,UMP-45 | Riot,Mil-Spec,FN,5.4,Restricted,10,54.0,46.198,-0.7802000000000007,-7.802000000000007,-14.45%,❌亏损,YOUPIN
Falchion Case,P90 | Elite Build,Mil-Spec,FN,9.52,Restricted,10,95.19999999999999,46.198,-4.9002,-49.001999999999995,-51.47%,❌亏损,C5
Falchion Case,USP-S | Torque,Mil-Spec,FN,12.67,Restricted,10,126.7,46.198,-8.0502,-80.50200000000001,-63.54%,❌亏损,C5
Falchion Case,MP9 | Ruby Poison Dart,Restricted,FN,22.0,Classified,10,220.0,158.29333333333332,-6.170666666666667,-61.70666666666668,-28.05%,❌亏损,BUFF
Falchion Case,FAMAS | Neural Net,Restricted,FN,22.99,Classified,10,229.89999999999998,158.29333333333332,-7.160666666666666,-71.60666666666665,-31.15%,❌亏损,YOUPIN
Falchion Case,P2000 | Handgun,Restricted,FN,49.0,Classified,10,490.0,158.29333333333332,-33.17066666666667,-331.7066666666667,-67.70%,❌亏损,BUFF
Falchion Case,Negev | Loudmouth,Restricted,MW,59.0,Classified,10,590.0,158.29333333333332,-43.17066666666667,-431.7066666666667,-73.17%,❌亏损,C5
Falchion Case,M4A4 | Evil Daimyo,Restricted,FN,78.0,Classified,10,780.0,158.29333333333332,-62.17066666666667,-621.7066666666667,-79.71%,❌亏损,YOUPIN
Falchion Case,MP7 | Nemesis,Classified,FN,130.88,Covert,10,1308.8,1516.5,20.77000000000001,207.7000000000001,15.87%,✅盈利,BUFF
Falchion Case,SG 553 | Cyrex,Classified,FN,164.5,Covert,10,1645.0,1516.5,-12.849999999999994,-128.49999999999994,-7.81%,❌亏损,BUFF
Falchion Case,CZ75-Auto | Yellow Jacket,Classified,FN,179.5,Covert,10,1795.0,1516.5,-27.849999999999994,-278.49999999999994,-15.52%,❌亏损,C5
Falchion Case,AWP | Hyper Beast,Covert,FN,1264.0,Gold,5,6320.0,3328.1575,-598.3685,-2991.8425,-47.34%,❌亏损,C5
Falchion Case,AK-47 | Aquamarine Revenge,Covert,FN,1769.0,Gold,5,8845.0,3328.1575,-1103.3685,-5516.842500000001,-62.37%,❌亏损,C5
Fracture Case,P250 | Cassette,Mil-Spec,FN,2.43,Restricted,10,24.3,20.884,-0.3416000000000001,-3.4160000000000013,-14.06%,❌亏损,C5
Fracture Case,SG 553 | Ol' Rusty,Mil-Spec,FN,2.55,Restricted,10,25.5,20.884,-0.4615999999999998,-4.615999999999998,-18.10%,❌亏损,YOUPIN
Fracture Case,Negev | Ultralight,Mil-Spec,FN,2.72,Restricted,10,27.200000000000003,20.884,-0.6316000000000002,-6.316000000000002,-23.22%,❌亏损,C5
Fracture Case,P2000 | Gnarled,Mil-Spec,FN,4.31,Restricted,10,43.099999999999994,20.884,-2.2216,-22.216,-51.55%,❌亏损,C5
Fracture Case,SSG 08 | Mainframe 001,Mil-Spec,FN,4.91,Restricted,10,49.1,20.884,-2.8216,-28.216,-57.47%,❌亏损,YOUPIN
Fracture Case,PP-Bizon | Runic,Mil-Spec,FN,5.0,Restricted,10,50.0,20.884,-2.9116,-29.116,-58.23%,❌亏损,YOUPIN
Fracture Case,P90 | Freight,Mil-Spec,FN,5.7,Restricted,10,57.0,20.884,-3.6116,-36.116,-63.36%,❌亏损,C5
Fracture Case,MP5-SD | Kitbash,Restricted,FN,14.55,Classified,10,145.5,100.63333333333333,-4.486666666666668,-44.86666666666668,-30.84%,❌亏损,C5
Fracture Case,Galil AR | Connexion,Restricted,FN,15.98,Classified,10,159.8,100.63333333333333,-5.916666666666668,-59.16666666666668,-37.03%,❌亏损,YOUPIN
Fracture Case,Tec-9 | Brother,Restricted,FN,24.09,Classified,10,240.9,100.63333333333333,-14.026666666666667,-140.26666666666668,-58.23%,❌亏损,BUFF
Fracture Case,MAC-10 | Allure,Restricted,FN,24.8,Classified,10,248.0,100.63333333333333,-14.736666666666668,-147.36666666666667,-59.42%,❌亏损,BUFF
Fracture Case,MAG-7 | Monster Call,Restricted,FN,25.0,Classified,10,250.0,100.63333333333333,-14.936666666666667,-149.36666666666667,-59.75%,❌亏损,BUFF
Fracture Case,XM1014 | Entombed,Classified,FN,60.9,Covert,10,609.0,497.385,-11.161499999999997,-111.61499999999997,-18.33%,❌亏损,BUFF
Fracture Case,Glock-18 | Vogue,Classified,FN,103.0,Covert,10,1030.0,497.385,-53.2615,-532.615,-51.71%,❌亏损,C5
Fracture Case,M4A4 | Tooth Fairy,Classified,FN,138.0,Covert,10,1380.0,497.385,-88.2615,-882.615,-63.96%,❌亏损,BUFF
Fracture Case,AK-47 | Legion of Anubis,Covert,FN,374.9,Gold,5,1874.5,3211.09375,267.31875,1336.59375,71.30%,✅盈利,C5
Fracture Case,Desert Eagle | Printstream,Covert,FN,619.87,Gold,5,3099.35,3211.09375,22.348749999999995,111.74374999999998,3.61%,✅盈利,C5
Gamma 2 Case,P90 | Grim,Mil-Spec,WW,1.18,Restricted,10,11.799999999999999,76.88799999999999,6.508799999999999,65.088,551.59%,✅盈利,BUFF
Gamma 2 Case,G3SG1 | Ventilator,Mil-Spec,FN,3.73,Restricted,10,37.3,76.88799999999999,3.958799999999999,39.587999999999994,106.13%,✅盈利,C5
Gamma 2 Case,Negev | Dazzle,Mil-Spec,MW,4.49,Restricted,10,44.900000000000006,76.88799999999999,3.1987999999999985,31.987999999999985,71.24%,✅盈利,BUFF
Gamma 2 Case,Five-SeveN | Scumbria,Mil-Spec,FN,6.89,Restricted,10,68.89999999999999,76.88799999999999,0.7987999999999991,7.987999999999991,11.59%,✅盈利,YOUPIN
Gamma 2 Case,CZ75-Auto | Imprint,Mil-Spec,FN,6.96,Restricted,10,69.6,76.88799999999999,0.7287999999999988,7.287999999999988,10.47%,✅盈利,BUFF
Gamma 2 Case,MAG-7 | Petroglyph,Restricted,FN,29.45,Classified,10,294.5,314.46666666666664,1.996666666666666,19.966666666666658,6.78%,✅盈利,C5
Gamma 2 Case,SG 553 | Triarch,Restricted,FN,31.7,Classified,10,317.0,314.46666666666664,-0.2533333333333338,-2.533333333333338,-0.80%,❌亏损,BUFF
Gamma 2 Case,SCAR-20 | Powercore,Restricted,FN,33.0,Classified,10,330.0,314.46666666666664,-1.5533333333333346,-15.533333333333346,-4.71%,❌亏损,C5
Gamma 2 Case,Glock-18 | Weasel,Restricted,FN,68.9,Classified,10,689.0,314.46666666666664,-37.45333333333334,-374.5333333333334,-54.36%,❌亏损,YOUPIN
Gamma 2 Case,Desert Eagle | Directive,Restricted,FN,221.39,Classified,10,2213.8999999999996,314.46666666666664,-189.94333333333333,-1899.4333333333334,-85.80%,❌亏损,C5
Gamma 2 Case,MP9 | Airlock,Classified,FN,287.5,Covert,10,2875.0,2099.0,-77.6,-776.0,-26.99%,❌亏损,BUFF
Gamma 2 Case,AUG | Syd Mead,Classified,FN,297.9,Covert,10,2979.0,2099.0,-87.99999999999997,-879.9999999999998,-29.54%,❌亏损,C5
Gamma 2 Case,Tec-9 | Fuel Injector,Classified,FN,358.0,Covert,10,3580.0,2099.0,-148.1,-1481.0,-41.37%,❌亏损,C5
Gamma 2 Case,FAMAS | Roll Cage,Covert,FN,1440.0,Gold,5,7200.0,4167.3944,-606.52112,-3032.6056,-42.12%,❌亏损,C5
Gamma 2 Case,AK-47 | Neon Revolution,Covert,FN,2758.0,Gold,5,13790.0,4167.3944,-1924.52112,-9622.6056,-69.78%,❌亏损,C5
Glove Case,MP9 | Sand Scale,Mil-Spec,FN,9.7,Restricted,10,97.0,101.10333333333334,0.4103333333333339,4.103333333333339,4.23%,✅盈利,BUFF
Glove Case,MAG-7 | Sonar,Mil-Spec,FN,10.0,Restricted,10,100.0,101.10333333333334,0.1103333333333331,1.103333333333331,1.10%,✅盈利,YOUPIN
Glove Case,CZ75-Auto | Polymer,Mil-Spec,FN,10.93,Restricted,10,109.3,101.10333333333334,-0.8196666666666665,-8.196666666666665,-7.50%,❌亏损,YOUPIN
Glove Case,MP7 | Cirrus,Mil-Spec,FN,11.27,Restricted,10,112.69999999999999,101.10333333333334,-1.1596666666666664,-11.596666666666664,-10.29%,❌亏损,YOUPIN
Glove Case,Galil AR | Black Sand,Mil-Spec,FN,15.0,Restricted,10,150.0,101.10333333333334,-4.889666666666667,-48.89666666666667,-32.60%,❌亏损,BUFF
Glove Case,P2000 | Turf,Mil-Spec,FN,16.2,Restricted,10,162.0,101.10333333333334,-6.089666666666666,-60.89666666666666,-37.59%,❌亏损,BUFF
Glove Case,Glock-18 | Ironwork,Mil-Spec,FN,31.89,Restricted,10,318.9,101.10333333333334,-21.779666666666667,-217.79666666666668,-68.30%,❌亏损,BUFF
Glove Case,M4A1-S | Flashback,Restricted,FN,164.44,Classified,10,1644.4,,,,nan%,❌亏损,BUFF
Glove Case,Nova | Gila,Restricted,FN,64.5,Classified,10,645.0,,,,nan%,❌亏损,C5
Glove Case,USP-S | Cyrex,Restricted,FN,74.37,Classified,10,743.7,,,,nan%,❌亏损,C5
Horizon Case,R8 Revolver | Survivalist,Mil-Spec,FN,5.3,Restricted,10,53.0,34.944,-1.8056,-18.056,-34.07%,❌亏损,YOUPIN
Horizon Case,Tec-9 | Snek-9,Mil-Spec,FN,9.8,Restricted,10,98.0,34.944,-6.3056,-63.056,-64.34%,❌亏损,BUFF
Horizon Case,G3SG1 | High Seas,Restricted,FN,31.98,Classified,10,319.8,301.0,-1.879999999999999,-18.79999999999999,-5.88%,❌亏损,C5
Horizon Case,MP7 | Powercore,Restricted,FN,33.0,Classified,10,330.0,301.0,-2.8999999999999986,-28.999999999999986,-8.79%,❌亏损,BUFF
Horizon Case,Nova | Toy Soldier,Restricted,FN,35.0,Classified,10,350.0,301.0,-4.899999999999999,-48.999999999999986,-14.00%,❌亏损,YOUPIN
Horizon Case,AWP | PAW,Restricted,FN,36.9,Classified,10,369.0,301.0,-6.799999999999997,-67.99999999999997,-18.43%,❌亏损,BUFF
Horizon Case,CZ75-Auto | Eco,Restricted,FN,37.84,Classified,10,378.40000000000003,301.0,-7.740000000000002,-77.40000000000002,-20.45%,❌亏损,YOUPIN
Horizon Case,Sawed-Off | Devourer,Classified,FN,180.0,Covert,10,1800.0,1754.5,-4.550000000000011,-45.500000000000114,-2.53%,❌亏损,BUFF
Horizon Case,FAMAS | Eye of Athena,Classified,FN,190.0,Covert,10,1900.0,1754.5,-14.550000000000011,-145.5000000000001,-7.66%,❌亏损,YOUPIN
Horizon Case,M4A1-S | Nightmare,Classified,FN,533.0,Covert,10,5330.0,1754.5,-357.55,-3575.5,-67.08%,❌亏损,YOUPIN
Horizon Case,Desert Eagle | Code Red,Covert,FN,1560.0,Gold,5,7800.0,6100.0,-340.0,-1700.0,-21.79%,❌亏损,YOUPIN
Horizon Case,AK-47 | Neon Rider,Covert,FN,1949.0,Gold,5,9745.0,6100.0,-729.0,-3645.0,-37.40%,❌亏损,C5
Huntsman Weapon Case,P90 | Desert Warfare,Mil-Spec,WW,38.79,Restricted,10,387.9,,,,nan%,❌亏损,STEAM
Operation Bravo Case,Nova | Tempest,Mil-Spec,FN,92.99,Restricted,10,929.9,479.9,-45.0,-450.0,-48.39%,❌亏损,BUFF
Operation Bravo Case,Dual Berettas | Black Limba,Mil-Spec,FN,93.92,Restricted,10,939.2,479.9,-45.93000000000001,-459.30000000000007,-48.90%,❌亏损,BUFF
Operation Bravo Case,UMP-45 | Bone Pile,Mil-Spec,FN,111.0,Restricted,10,1110.0,479.9,-63.010000000000005,-630.1,-56.77%,❌亏损,C5
Operation Bravo Case,G3SG1 | Demeter,Mil-Spec,FN,119.87,Restricted,10,1198.7,479.9,-71.88000000000001,-718.8000000000001,-59.96%,❌亏损,BUFF
Operation Bravo Case,SG 553 | Wave Spray,Mil-Spec,FN,130.0,Restricted,10,1300.0,479.9,-82.01,-820.1,-63.08%,❌亏损,BUFF
Operation Bravo Case,Galil AR | Shattered,Mil-Spec,FN,200.0,Restricted,10,2000.0,479.9,-152.01,-1520.1,-76.00%,❌亏损,YOUPIN
Operation Bravo Case,M4A1-S | Bright Water,Restricted,MW,268.0,Classified,10,2680.0,1843.993333333333,-83.60066666666668,-836.0066666666669,-31.19%,❌亏损,C5
Operation Bravo Case,MAC-10 | Graven,Restricted,FN,429.5,Classified,10,4295.0,1843.993333333333,-245.10066666666668,-2451.0066666666667,-57.07%,❌亏损,YOUPIN
Operation Bravo Case,M4A4 | Zirka,Restricted,FN,573.1,Classified,10,5731.0,1843.993333333333,-388.70066666666673,-3887.006666666667,-67.82%,❌亏损,YOUPIN
Operation Bravo Case,USP-S | Overgrowth,Restricted,FN,649.0,Classified,10,6490.0,1843.993333333333,-464.6006666666667,-4646.006666666667,-71.59%,❌亏损,BUFF
Operation Bravo Case,P2000 | Ocean Foam,Classified,FN,995.0,Covert,10,9950.0,13385.0,343.5,3435.0,34.52%,✅盈利,YOUPIN
Operation Bravo Case,AWP | Graphite,Classified,FN,1368.52,Covert,10,13685.2,13385.0,-30.019999999999985,-300.1999999999999,-2.19%,❌亏损,C5
Operation Bravo Case,P90 | Emerald Dragon,Classified,FN,3168.46,Covert,10,31684.6,13385.0,-1829.96,-18299.6,-57.76%,❌亏损,STEAM
Operation Bravo Case,Desert Eagle | Golden Koi,Covert,FN,2515.0,Gold,5,12575.0,3100.0,-1895.0,-9475.0,-75.35%,❌亏损,C5
Operation Bravo Case,AK-47 | Fire Serpent,Covert,FN,24255.0,Gold,5,121275.0,3100.0,-23635.0,-118175.0,-97.44%,❌亏损,C5
Operation Breakout Weapon Case,Negev | Desert-Strike,Mil-Spec,FN,4.74,Restricted,10,47.400000000000006,26.0375,-2.1362500000000004,-21.362500000000004,-45.07%,❌亏损,BUFF
Operation Breakout Weapon Case,MP7 | Urban Hazard,Mil-Spec,FN,4.97,Restricted,10,49.699999999999996,26.0375,-2.36625,-23.6625,-47.61%,❌亏损,BUFF
Operation Breakout Weapon Case,UMP-45 | Labyrinth,Mil-Spec,FN,5.0,Restricted,10,50.0,26.0375,-2.39625,-23.962500000000002,-47.93%,❌亏损,BUFF
Operation Breakout Weapon Case,P2000 | Ivory,Mil-Spec,FN,9.9,Restricted,10,99.0,26.0375,-7.296250000000001,-72.9625,-73.70%,❌亏损,BUFF
Operation Breakout Weapon Case,SSG 08 | Abyss,Mil-Spec,FN,24.79,Restricted,10,247.89999999999998,26.0375,-22.18625,-221.8625,-89.50%,❌亏损,YOUPIN
Operation Breakout Weapon Case,P250 | Supernova,Restricted,FN,21.6,Classified,10,216.0,263.9266666666667,4.7926666666666655,47.926666666666655,22.19%,✅盈利,BUFF
Operation Breakout Weapon Case,PP-Bizon | Osiris,Restricted,FN,21.99,Classified,10,219.89999999999998,263.9266666666667,4.4026666666666685,44.026666666666685,20.02%,✅盈利,BUFF
Operation Breakout Weapon Case,Nova | Koi,Restricted,FN,22.06,Classified,10,220.6,263.9266666666667,4.332666666666668,43.32666666666668,19.64%,✅盈利,BUFF
Operation Breakout Weapon Case,CZ75-Auto | Tigris,Restricted,FN,38.5,Classified,10,385.0,263.9266666666667,-12.107333333333331,-121.07333333333331,-31.45%,❌亏损,YOUPIN
Operation Breakout Weapon Case,Desert Eagle | Conspiracy,Classified,FN,193.48,Covert,10,1934.8,1663.0,-27.17999999999998,-271.7999999999998,-14.05%,❌亏损,C5
Operation Breakout Weapon Case,Five-SeveN | Fowl Play,Classified,FN,290.0,Covert,10,2900.0,1663.0,-123.7,-1237.0,-42.66%,❌亏损,YOUPIN
Operation Breakout Weapon Case,Glock-18 | Water Elemental,Classified,FN,308.3,Covert,10,3083.0,1663.0,-142.0,-1420.0,-46.06%,❌亏损,C5
Operation Breakout Weapon Case,M4A1-S | Cyrex,Covert,FN,1660.0,Gold,5,8300.0,11370.291666666666,614.0583333333334,3070.291666666667,36.99%,✅盈利,BUFF
Operation Breakout Weapon Case,P90 | Asiimov,Covert,FN,1666.0,Gold,5,8330.0,11370.291666666666,608.0583333333334,3040.291666666667,36.50%,✅盈利,YOUPIN
Operation Broken Fang Case,P90 | Cocoa Rampage,Mil-Spec,FN,12.0,Restricted,10,120.0,132.598,1.259800000000002,12.59800000000002,10.50%,✅盈利,YOUPIN
Operation Broken Fang Case,P250 | Contaminant,Mil-Spec,FN,12.34,Restricted,10,123.4,132.598,0.9198000000000022,9.198000000000022,7.45%,✅盈利,BUFF
Operation Broken Fang Case,G3SG1 | Digital Mesh,Mil-Spec,FN,14.79,Restricted,10,147.89999999999998,132.598,-1.5301999999999971,-15.301999999999971,-10.35%,❌亏损,BUFF
Operation Broken Fang Case,CZ75-Auto | Vendetta,Mil-Spec,FN,15.4,Restricted,10,154.0,132.598,-2.1401999999999983,-21.401999999999983,-13.90%,❌亏损,BUFF
Operation Broken Fang Case,M249 | Deep Relief,Mil-Spec,FN,18.74,Restricted,10,187.39999999999998,132.598,-5.480199999999996,-54.801999999999964,-29.24%,❌亏损,YOUPIN
Operation Broken Fang Case,MP5-SD | Condition Zero,Mil-Spec,FN,19.7,Restricted,10,197.0,132.598,-6.440199999999997,-64.40199999999997,-32.69%,❌亏损,YOUPIN
Operation Broken Fang Case,Galil AR | Vandal,Mil-Spec,FN,27.3,Restricted,10,273.0,132.598,-14.0402,-140.40200000000002,-51.43%,❌亏损,YOUPIN
Operation Broken Fang Case,Nova | Clear Polymer,Restricted,FN,114.0,Classified,10,1140.0,1415.9333333333334,27.593333333333334,275.93333333333334,24.20%,✅盈利,BUFF
Operation Broken Fang Case,Dual Berettas | Dezastre,Restricted,FN,114.49,Classified,10,1144.8999999999999,1415.9333333333334,27.10333333333334,271.0333333333334,23.67%,✅盈利,YOUPIN
Operation Broken Fang Case,SSG 08 | Parallax,Restricted,FN,114.5,Classified,10,1145.0,1415.9333333333334,27.093333333333334,270.93333333333334,23.66%,✅盈利,YOUPIN
Operation Broken Fang Case,UMP-45 | Gold Bismuth,Restricted,FN,115.0,Classified,10,1150.0,1415.9333333333334,26.593333333333334,265.93333333333334,23.12%,✅盈利,YOUPIN
Operation Broken Fang Case,AWP | Exoskeleton,Restricted,FN,205.0,Classified,10,2050.0,1415.9333333333334,-63.406666666666666,-634.0666666666666,-30.93%,❌亏损,BUFF
Operation Broken Fang Case,USP-S | Monster Mashup,Classified,FN,899.8,Covert,10,8998.0,3949.4,-504.86,-5048.6,-56.11%,❌亏损,C5
Operation Broken Fang Case,Five-SeveN | Fairy Tale,Classified,FN,928.0,Covert,10,9280.0,3949.4,-533.06,-5330.599999999999,-57.44%,❌亏损,C5
Operation Broken Fang Case,M4A4 | Cyber Security,Classified,FN,2420.0,Covert,10,24200.0,3949.4,-2025.06,-20250.6,-83.68%,❌亏损,YOUPIN
Operation Broken Fang Case,Glock-18 | Neo-Noir,Covert,FN,2928.8,Gold,5,14644.0,2928.333333333333,-2343.133333333333,-11715.666666666666,-80.00%,❌亏损,C5
Operation Broken Fang Case,M4A1-S | Printstream,Covert,FN,4970.0,Gold,5,24850.0,2928.333333333333,-4384.333333333333,-21921.666666666664,-88.22%,❌亏损,YOUPIN
Operation Hydra Case,Five-SeveN | Hyper Beast,Covert,MW,3955.0,Gold,5,19775.0,51516.65708333333,6348.331416666666,31741.65708333333,160.51%,✅盈利,BUFF
Operation Hydra Case,AWP | Oni Taiji,Covert,FN,7945.0,Gold,5,39725.0,51516.65708333333,2358.331416666666,11791.65708333333,29.68%,✅盈利,C5
Operation Phoenix Weapon Case,Negev | Terrain,Mil-Spec,FN,6.0,Restricted,10,60.0,82.9825,2.2982499999999995,22.982499999999995,38.30%,✅盈利,BUFF
Operation Phoenix Weapon Case,MAG-7 | Heaven Guard,Mil-Spec,FN,6.73,Restricted,10,67.30000000000001,82.9825,1.568249999999999,15.68249999999999,23.30%,✅盈利,YOUPIN
Operation Phoenix Weapon Case,Tec-9 | Sandstorm,Mil-Spec,MW,15.0,Restricted,10,150.0,82.9825,-6.7017500000000005,-67.01750000000001,-44.68%,❌亏损,BUFF
Operation Phoenix Weapon Case,UMP-45 | Corporal,Mil-Spec,FN,16.9,Restricted,10,169.0,82.9825,-8.60175,-86.01749999999998,-50.90%,❌亏损,YOUPIN
Operation Phoenix Weapon Case,USP-S | Guardian,Restricted,FN,62.98,Classified,10,629.8,659.0233333333334,2.9223333333333485,29.223333333333485,4.64%,✅盈利,BUFF
Operation Phoenix Weapon Case,SG 553 | Pulse,Restricted,MW,68.95,Classified,10,689.5,659.0233333333334,-3.0476666666666574,-30.476666666666574,-4.42%,❌亏损,YOUPIN
Operation Phoenix Weapon Case,FAMAS | Sergeant,Restricted,MW,99.0,Classified,10,990.0,659.0233333333334,-33.097666666666655,-330.9766666666666,-33.43%,❌亏损,YOUPIN
Operation Phoenix Weapon Case,MAC-10 | Heat,Restricted,FN,101.0,Classified,10,1010.0,659.0233333333334,-35.097666666666655,-350.9766666666666,-34.75%,❌亏损,YOUPIN
Operation Phoenix Weapon Case,Nova | Antique,Classified,FN,98.67,Covert,10,986.7,694.835,-29.186499999999995,-291.86499999999995,-29.58%,❌亏损,BUFF
Operation Phoenix Weapon Case,P90 | Trigon,Classified,MW,98.9,Covert,10,989.0,694.835,-29.4165,-294.16499999999996,-29.74%,❌亏损,BUFF
Operation Phoenix Weapon Case,AK-47 | Redline,Classified,MW,1779.5,Covert,10,17795.0,694.835,-1710.0165,-17100.165,-96.10%,❌亏损,C5
Operation Phoenix Weapon Case,AUG | Chameleon,Covert,FN,595.67,Gold,5,2978.35,3988.5,202.0300000000001,1010.1500000000004,33.92%,✅盈利,C5
Operation Phoenix Weapon Case,AWP | Asiimov,Covert,FT,794.0,Gold,5,3970.0,3988.5,3.7000000000000455,18.500000000000227,0.47%,✅盈利,C5
Operation Riptide Case,AUG | Plague,Mil-Spec,FN,26.88,Restricted,10,268.8,297.32800000000003,2.8528000000000056,28.528000000000056,10.61%,✅盈利,BUFF
Operation Riptide Case,PP-Bizon | Lumen,Mil-Spec,FN,26.99,Restricted,10,269.9,297.32800000000003,2.742800000000006,27.42800000000006,10.16%,✅盈利,BUFF
Operation Riptide Case,G3SG1 | Keeping Tabs,Mil-Spec,FN,28.4,Restricted,10,284.0,297.32800000000003,1.332800000000006,13.32800000000006,4.69%,✅盈利,BUFF
Operation Riptide Case,Dual Berettas | Tread,Mil-Spec,FN,33.21,Restricted,10,332.1,297.32800000000003,-3.4771999999999963,-34.77199999999996,-10.47%,❌亏损,YOUPIN
Operation Riptide Case,XM1014 | Watchdog,Mil-Spec,FN,34.3,Restricted,10,343.0,297.32800000000003,-4.567199999999993,-45.671999999999926,-13.32%,❌亏损,BUFF
Operation Riptide Case,MP7 | Guerrilla,Mil-Spec,FN,36.0,Restricted,10,360.0,297.32800000000003,-6.267199999999995,-62.671999999999954,-17.41%,❌亏损,YOUPIN
Operation Riptide Case,USP-S | Black Lotus,Mil-Spec,FN,141.0,Restricted,10,1410.0,297.32800000000003,-111.2672,-1112.672,-78.91%,❌亏损,BUFF
Operation Riptide Case,Five-SeveN | Boost Protocol,Restricted,FN,74.5,Classified,10,745.0,1034.1666666666667,28.91666666666667,289.16666666666674,38.81%,✅盈利,YOUPIN
Operation Riptide Case,MAG-7 | BI83 Spectrum,Restricted,FN,75.78,Classified,10,757.8,1034.1666666666667,27.63666666666667,276.3666666666667,36.47%,✅盈利,C5
Operation Riptide Case,MP9 | Mount Fuji,Restricted,FN,124.4,Classified,10,1244.0,1034.1666666666667,-20.98333333333333,-209.83333333333331,-16.87%,❌亏损,BUFF
Operation Riptide Case,FAMAS | ZX Spectron,Restricted,FN,126.96,Classified,10,1269.6,1034.1666666666667,-23.54333333333332,-235.4333333333332,-18.54%,❌亏损,C5
Operation Riptide Case,M4A4 | Spider Lily,Restricted,FN,1085.0,Classified,10,10850.0,1034.1666666666667,-981.5833333333334,-9815.833333333334,-90.47%,❌亏损,C5
Operation Riptide Case,MAC-10 | Toybox,Classified,FN,545.0,Covert,10,5450.0,4506.5,-94.35000000000002,-943.5000000000002,-17.31%,❌亏损,BUFF
Operation Riptide Case,SSG 08 | Turbo Peek,Classified,FN,557.5,Covert,10,5575.0,4506.5,-106.85000000000002,-1068.5000000000002,-19.17%,❌亏损,YOUPIN
Operation Riptide Case,Glock-18 | Snack Attack,Classified,FN,2000.0,Covert,10,20000.0,4506.5,-1549.35,-15493.5,-77.47%,❌亏损,BUFF
Operation Riptide Case,Desert Eagle | Ocean Drive,Covert,FN,3333.0,Gold,5,16665.0,10855.166666666666,-1161.9666666666667,-5809.833333333334,-34.86%,❌亏损,BUFF
Operation Riptide Case,AK-47 | Leet Museo,Covert,FN,5680.0,Gold,5,28400.0,10855.166666666666,-3508.9666666666667,-17544.833333333332,-61.78%,❌亏损,YOUPIN
Operation Vanguard Weapon Case,Sawed-Off | Highwayman,Restricted,FN,29.9,Classified,10,299.0,175.96666666666667,-12.303333333333333,-123.03333333333333,-41.15%,❌亏损,C5
Operation Vanguard Weapon Case,M4A1-S | Basilisk,Restricted,WW,60.0,Classified,10,600.0,175.96666666666667,-42.403333333333336,-424.03333333333336,-70.67%,❌亏损,BUFF
Operation Vanguard Weapon Case,M4A4 | Griffin,Restricted,FN,434.9,Classified,10,4349.0,175.96666666666667,-417.3033333333333,-4173.033333333333,-95.95%,❌亏损,C5
Operation Vanguard Weapon Case,XM1014 | Tranquility,Classified,FN,162.9,Covert,10,1629.0,2329.0,70.0,700.0,42.97%,✅盈利,BUFF
Operation Vanguard Weapon Case,P250 | Cartel,Classified,FN,180.0,Covert,10,1800.0,2329.0,52.900000000000006,529.0,29.39%,✅盈利,YOUPIN
Operation Vanguard Weapon Case,SCAR-20 | Cardiac,Classified,FN,185.0,Covert,10,1850.0,2329.0,47.900000000000006,479.00000000000006,25.89%,✅盈利,BUFF
Operation Vanguard Weapon Case,P2000 | Fire Elemental,Covert,FN,710.0,Gold,5,3550.0,963.5,-517.3,-2586.5,-72.86%,❌亏损,YOUPIN
Operation Vanguard Weapon Case,AK-47 | Wasteland Rebel,Covert,FN,3948.0,Gold,5,19740.0,963.5,-3755.3,-18776.5,-95.12%,❌亏损,C5
Prisma 2 Case,R8 Revolver | Bone Forged,Mil-Spec,FN,2.88,Restricted,10,28.799999999999997,29.102,0.0301999999999997,0.301999999999997,1.05%,✅盈利,BUFF
Prisma 2 Case,Negev | Prototype,Mil-Spec,FN,2.95,Restricted,10,29.5,29.102,-0.0398000000000005,-0.398000000000005,-1.35%,❌亏损,C5
Prisma 2 Case,AUG | Tom Cat,Mil-Spec,FN,3.19,Restricted,10,31.9,29.102,-0.2798000000000002,-2.7980000000000023,-8.77%,❌亏损,BUFF
Prisma 2 Case,CZ75-Auto | Distressed,Mil-Spec,FN,4.88,Restricted,10,48.8,29.102,-1.9698,-19.698,-40.36%,❌亏损,C5
Prisma 2 Case,MP5-SD | Desert Strike,Mil-Spec,FN,4.94,Restricted,10,49.400000000000006,29.102,-2.0298000000000007,-20.29800000000001,-41.09%,❌亏损,C5
Prisma 2 Case,Desert Eagle | Blue Ply,Mil-Spec,FN,15.0,Restricted,10,150.0,29.102,-12.0898,-120.898,-80.60%,❌亏损,BUFF
Prisma 2 Case,AWP | Capillary,Mil-Spec,FN,23.0,Restricted,10,230.0,29.102,-20.0898,-200.898,-87.35%,❌亏损,BUFF
Prisma 2 Case,SSG 08 | Fever Dream,Restricted,FN,23.0,Classified,10,230.0,195.06333333333336,-3.4936666666666625,-34.936666666666625,-15.19%,❌亏损,BUFF
Prisma 2 Case,SCAR-20 | Enforcer,Restricted,FN,23.8,Classified,10,238.0,195.06333333333336,-4.293666666666663,-42.93666666666663,-18.04%,❌亏损,C5
Prisma 2 Case,SG 553 | Darkwing,Restricted,FN,24.0,Classified,10,240.0,195.06333333333336,-4.493666666666663,-44.93666666666663,-18.72%,❌亏损,C5
Prisma 2 Case,Sawed-Off | Apocalypto,Restricted,FN,24.5,Classified,10,245.0,195.06333333333336,-4.993666666666663,-49.93666666666663,-20.38%,❌亏损,BUFF
Prisma 2 Case,P2000 | Acid Etched,Restricted,FN,50.21,Classified,10,502.1,195.06333333333336,-30.703666666666663,-307.03666666666663,-61.15%,❌亏损,C5
Prisma 2 Case,MAG-7 | Justice,Classified,FN,155.0,Covert,10,1550.0,1429.5,-12.050000000000011,-120.50000000000011,-7.77%,❌亏损,C5
Prisma 2 Case,MAC-10 | Disco Tech,Classified,FN,210.0,Covert,10,2100.0,1429.5,-67.05000000000001,-670.5000000000001,-31.93%,❌亏损,YOUPIN
Prisma 2 Case,AK-47 | Phantom Disruptor,Classified,FN,220.19,Covert,10,2201.9,1429.5,-77.24000000000001,-772.4000000000001,-35.08%,❌亏损,HALOSKINS
Prisma 2 Case,Glock-18 | Bullet Queen,Covert,FN,1399.0,Gold,5,6995.0,2458.183846153846,-907.3632307692308,-4536.816153846154,-64.86%,❌亏损,YOUPIN
Prisma 2 Case,M4A1-S | Player Two,Covert,FN,1460.0,Gold,5,7300.0,2458.183846153846,-968.3632307692308,-4841.816153846154,-66.33%,❌亏损,YOUPIN
Revolution Case,SCAR-20 | Fragments,Mil-Spec,FN,2.79,Restricted,10,27.9,16.604,-1.1296000000000002,-11.296000000000001,-40.49%,❌亏损,C5
Revolution Case,MAG-7 | Insomnia,Mil-Spec,FN,4.36,Restricted,10,43.6,16.604,-2.6996,-26.996000000000002,-61.92%,❌亏损,C5
Revolution Case,SG 553 | Cyberforce,Mil-Spec,FN,4.4,Restricted,10,44.0,16.604,-2.7396000000000003,-27.396,-62.26%,❌亏损,YOUPIN
Revolution Case,P250 | Re.built,Mil-Spec,FN,4.63,Restricted,10,46.3,16.604,-2.9696,-29.695999999999998,-64.14%,❌亏损,HALOSKINS
Revolution Case,Tec-9 | Rebel,Mil-Spec,FN,4.78,Restricted,10,47.800000000000004,16.604,-3.1196,-31.196,-65.26%,❌亏损,C5
Revolution Case,MP9 | Featherweight,Mil-Spec,FN,4.92,Restricted,10,49.2,16.604,-3.2596,-32.596,-66.25%,❌亏损,C5
Revolution Case,MP5-SD | Liquidation,Mil-Spec,FN,4.95,Restricted,10,49.5,16.604,-3.2896,-32.896,-66.46%,❌亏损,C5
Revolution Case,MAC-10 | Sakkaku,Restricted,FT,5.98,Classified,10,59.800000000000004,113.91,5.411000000000001,54.110000000000014,90.48%,✅盈利,YOUPIN
Revolution Case,P90 | Neoqueen,Restricted,FN,11.36,Classified,10,113.6,113.91,0.0310000000000023,0.310000000000023,0.27%,✅盈利,C5
Revolution Case,Glock-18 | Umbral Rabbit,Restricted,FN,13.45,Classified,10,134.5,113.91,-2.058999999999997,-20.58999999999997,-15.31%,❌亏损,YOUPIN
Revolution Case,R8 Revolver | Banana Cannon,Restricted,FN,24.5,Classified,10,245.0,113.91,-13.108999999999998,-131.08999999999997,-53.51%,❌亏损,C5
Revolution Case,M4A1-S | Emphorosaur-S,Restricted,FN,27.73,Classified,10,277.3,113.91,-16.339,-163.39,-58.92%,❌亏损,YOUPIN
Revolution Case,AWP | Duality,Classified,FN,106.0,Covert,10,1060.0,868.5699999999999,-19.143,-191.43,-18.06%,❌亏损,BUFF
Revolution Case,P2000 | Wicked Sick,Classified,FN,116.8,Covert,10,1168.0,868.5699999999999,-29.943,-299.43,-25.64%,❌亏损,BUFF
Revolution Case,UMP-45 | Wild Child,Classified,FN,118.93,Covert,10,1189.3000000000002,868.5699999999999,-32.07300000000001,-320.7300000000001,-26.97%,❌亏损,BUFF
Revolution Case,AK-47 | Head Shot,Covert,FN,867.49,Gold,5,4337.45,6533.62125,439.23425,2196.17125,50.63%,✅盈利,C5
Revolution Case,M4A4 | Temukau,Covert,FN,869.65,Gold,5,4348.25,6533.62125,437.07425,2185.37125,50.26%,✅盈利,C5
Revolver Case,P2000 | Imperial,Mil-Spec,FN,5.0,Restricted,10,50.0,61.80400000000001,1.1804000000000006,11.804000000000006,23.61%,✅盈利,BUFF
Revolver Case,SCAR-20 | Outbreak,Mil-Spec,FN,5.0,Restricted,10,50.0,61.80400000000001,1.1804000000000006,11.804000000000006,23.61%,✅盈利,BUFF
Revolver Case,AUG | Ricochet,Mil-Spec,FN,5.81,Restricted,10,58.099999999999994,61.80400000000001,0.3704000000000009,3.704000000000009,6.38%,✅盈利,BUFF
Revolver Case,Desert Eagle | Corinthian,Mil-Spec,FN,6.99,Restricted,10,69.9,61.80400000000001,-0.8095999999999997,-8.095999999999997,-11.58%,❌亏损,BUFF
Revolver Case,Sawed-Off | Yorick,Mil-Spec,FN,9.8,Restricted,10,98.0,61.80400000000001,-3.6196,-36.196,-36.93%,❌亏损,C5
Revolver Case,R8 Revolver | Crimson Web,Mil-Spec,FN,40.0,Restricted,10,400.0,61.80400000000001,-33.8196,-338.196,-84.55%,❌亏损,BUFF
Revolver Case,Five-SeveN | Retrobution,Restricted,FN,89.0,Classified,10,890.0,,,,nan%,❌亏损,YOUPIN
Revolver Case,Negev | Power Loader,Restricted,FN,51.8,Classified,10,518.0,,,,nan%,❌亏损,C5
Revolver Case,PP-Bizon | Fuel Rod,Restricted,FN,41.41,Classified,10,414.09999999999997,,,,nan%,❌亏损,BUFF
Revolver Case,SG 553 | Tiger Moth,Restricted,FN,40.83,Classified,10,408.29999999999995,,,,nan%,❌亏损,BUFF
Revolver Case,Tec-9 | Avalanche,Restricted,FN,85.98,Classified,10,859.8000000000001,,,,nan%,❌亏损,YOUPIN
Shadow Case,MAG-7 | Cobalt Core,Mil-Spec,FN,5.0,Restricted,10,50.0,63.215,1.3214999999999997,13.214999999999996,26.43%,✅盈利,BUFF
Shadow Case,MAC-10 | Rangeen,Mil-Spec,FN,5.7,Restricted,10,57.0,63.215,0.6214999999999993,6.214999999999993,10.90%,✅盈利,YOUPIN
Shadow Case,SCAR-20 | Green Marine,Mil-Spec,FN,7.17,Restricted,10,71.7,63.215,-0.8485000000000005,-8.485000000000005,-11.83%,❌亏损,BUFF
Shadow Case,FAMAS | Survivor Z,Mil-Spec,FN,7.4,Restricted,10,74.0,63.215,-1.078500000000001,-10.785000000000009,-14.57%,❌亏损,YOUPIN
Shadow Case,XM1014 | Scumbria,Mil-Spec,FN,10.0,Restricted,10,100.0,63.215,-3.678500000000001,-36.78500000000001,-36.79%,❌亏损,YOUPIN
Shadow Case,Dual Berettas | Dualing Dragons,Mil-Spec,FN,15.0,Restricted,10,150.0,63.215,-8.6785,-86.785,-57.86%,❌亏损,BUFF
Shadow Case,Glock-18 | Wraiths,Mil-Spec,FN,15.69,Restricted,10,156.9,63.215,-9.3685,-93.68499999999999,-59.71%,❌亏损,YOUPIN
Shadow Case,MP7 | Special Delivery,Restricted,FN,45.75,Classified,10,457.5,688.6633333333333,23.11633333333333,231.1633333333333,50.53%,✅盈利,BUFF
Shadow Case,P250 | Wingshot,Restricted,FN,60.78,Classified,10,607.8,688.6633333333333,8.086333333333329,80.86333333333329,13.30%,✅盈利,C5
Shadow Case,M249 | Nebula Crusader,Restricted,FN,63.53,Classified,10,635.3,688.6633333333333,5.336333333333329,53.36333333333329,8.40%,✅盈利,C5
Shadow Case,Galil AR | Stone Cold,Restricted,FN,82.8,Classified,10,828.0,688.6633333333333,-13.933666666666667,-139.33666666666667,-16.83%,❌亏损,BUFF
Shadow Case,SSG 08 | Big Iron,Classified,FN,263.0,Covert,10,2630.0,2669.5,3.9499999999999886,39.499999999999886,1.50%,✅盈利,BUFF
Shadow Case,G3SG1 | Flux,Classified,FN,314.0,Covert,10,3140.0,2669.5,-47.05000000000001,-470.5000000000001,-14.98%,❌亏损,YOUPIN
Shadow Case,AK-47 | Frontside Misty,Classified,FN,1488.99,Covert,10,14889.9,2669.5,-1222.04,-12220.4,-82.07%,❌亏损,C5
Shadow Case,M4A1-S | Golden Coil,Covert,FN,2569.0,Gold,5,12845.0,1374.14125,-2294.17175,-11470.85875,-89.30%,❌亏损,C5
Shadow Case,USP-S | Kill Confirmed,Covert,FN,2770.0,Gold,5,13850.0,1374.14125,-2495.17175,-12475.85875,-90.08%,❌亏损,YOUPIN
Snakebite Case,UMP-45 | Oscillator,Mil-Spec,FN,3.26,Restricted,10,32.599999999999994,28.163333333333338,-0.4436666666666662,-4.436666666666662,-13.61%,❌亏损,YOUPIN
Snakebite Case,Nova | Windblown,Mil-Spec,FN,3.6,Restricted,10,36.0,28.163333333333338,-0.7836666666666665,-7.836666666666665,-21.77%,❌亏损,BUFF
Snakebite Case,R8 Revolver | Grip,Mil-Spec,FN,4.96,Restricted,10,49.6,28.163333333333338,-2.1436666666666664,-21.436666666666664,-43.22%,❌亏损,BUFF
Snakebite Case,CZ75-Auto | Circaetus,Mil-Spec,FN,6.34,Restricted,10,63.4,28.163333333333338,-3.5236666666666663,-35.236666666666665,-55.58%,❌亏损,BUFF
Snakebite Case,SG 553 | Heavy Metal,Mil-Spec,FN,6.58,Restricted,10,65.8,28.163333333333338,-3.7636666666666665,-37.63666666666666,-57.20%,❌亏损,BUFF
Snakebite Case,Glock-18 | Clear Polymer,Mil-Spec,FN,12.2,Restricted,10,122.0,28.163333333333338,-9.383666666666668,-93.83666666666669,-76.92%,❌亏损,BUFF
Snakebite Case,MAC-10 | Button Masher,Restricted,FN,45.6,Classified,10,456.0,,,,nan%,❌亏损,C5
Snakebite Case,Negev | dev_texture,Restricted,FN,17.25,Classified,10,172.5,,,,nan%,❌亏损,C5
Snakebite Case,P250 | Cyber Shell,Restricted,FN,21.64,Classified,10,216.4,,,,nan%,❌亏损,C5
Spectrum 2 Case,Tec-9 | Cracked Opal,Mil-Spec,FT,1.46,Restricted,10,14.6,19.554,0.4954000000000003,4.954000000000002,33.93%,✅盈利,BUFF
Spectrum 2 Case,SCAR-20 | Jungle Slipstream,Mil-Spec,FN,2.62,Restricted,10,26.200000000000003,19.554,-0.6645999999999999,-6.645999999999999,-25.37%,❌亏损,BUFF
Spectrum 2 Case,MAC-10 | Oceanic,Mil-Spec,FN,3.25,Restricted,10,32.5,19.554,-1.2945999999999998,-12.945999999999998,-39.83%,❌亏损,BUFF
Spectrum 2 Case,G3SG1 | Hunter,Mil-Spec,FN,5.6,Restricted,10,56.0,19.554,-3.6446,-36.446,-65.08%,❌亏损,YOUPIN
Spectrum 2 Case,Glock-18 | Off World,Mil-Spec,FN,10.3,Restricted,10,103.0,19.554,-8.3446,-83.446,-81.02%,❌亏损,BUFF
Spectrum 2 Case,SG 553 | Phantom,Restricted,FN,19.28,Classified,10,192.8,260.0,6.719999999999999,67.19999999999999,34.85%,✅盈利,BUFF
Spectrum 2 Case,UMP-45 | Exposure,Restricted,FN,19.48,Classified,10,194.8,260.0,6.52,65.19999999999999,33.47%,✅盈利,C5
Spectrum 2 Case,XM1014 | Ziggy,Restricted,FN,19.54,Classified,10,195.39999999999998,260.0,6.460000000000001,64.60000000000001,33.06%,✅盈利,BUFF
Spectrum 2 Case,MP9 | Goo,Restricted,FN,19.59,Classified,10,195.9,260.0,6.41,64.1,32.72%,✅盈利,BUFF
Spectrum 2 Case,CZ75-Auto | Tacticat,Restricted,FN,19.88,Classified,10,198.79999999999998,260.0,6.120000000000001,61.20000000000001,30.78%,✅盈利,YOUPIN
Spectrum 2 Case,PP-Bizon | High Roller,Classified,FN,198.5,Covert,10,1985.0,1823.25,-16.17500000000001,-161.7500000000001,-8.15%,❌亏损,BUFF
Spectrum 2 Case,R8 Revolver | Llama Cannon,Classified,FN,220.0,Covert,10,2200.0,1823.25,-37.67500000000001,-376.7500000000001,-17.12%,❌亏损,BUFF
Spectrum 2 Case,M4A1-S | Leaded Glass,Classified,FN,361.5,Covert,10,3615.0,1823.25,-179.175,-1791.75,-49.56%,❌亏损,YOUPIN
Spectrum 2 Case,P250 | See Ya Later,Covert,FN,879.5,Gold,5,4397.5,4331.6338888888895,-13.17322222222208,-65.8661111111104,-1.50%,❌亏损,BUFF
Spectrum 2 Case,AK-47 | The Empress,Covert,FN,2767.0,Gold,5,13835.0,4331.6338888888895,-1900.6732222222224,-9503.366111111112,-68.69%,❌亏损,YOUPIN
Spectrum Case,MAC-10 | Last Dive,Restricted,BS,9.89,Classified,10,98.9,280.3333333333333,18.14333333333333,181.4333333333333,183.45%,✅盈利,BUFF
Spectrum Case,XM1014 | Seasons,Restricted,FN,22.8,Classified,10,228.0,280.3333333333333,5.233333333333331,52.33333333333331,22.95%,✅盈利,BUFF
Spectrum Case,UMP-45 | Scaffold,Restricted,FN,39.6,Classified,10,396.0,280.3333333333333,-11.56666666666667,-115.6666666666667,-29.21%,❌亏损,YOUPIN
Spectrum Case,CZ75-Auto | Xiangliu,Classified,FN,165.0,Covert,10,1650.0,1463.0,-18.69999999999999,-186.9999999999999,-11.33%,❌亏损,BUFF
Spectrum Case,AWP | Fever Dream,Classified,FN,202.0,Covert,10,2020.0,1463.0,-55.69999999999999,-556.9999999999999,-27.57%,❌亏损,BUFF
Spectrum Case,M4A1-S | Decimator,Classified,FN,474.0,Covert,10,4740.0,1463.0,-327.7,-3277.0,-69.14%,❌亏损,C5
Spectrum Case,USP-S | Neo-Noir,Covert,FN,1226.0,Gold,5,6130.0,1044.9,-1017.02,-5085.1,-82.95%,❌亏损,C5
Spectrum Case,AK-47 | Bloodsport,Covert,FN,1700.0,Gold,5,8500.0,1044.9,-1491.02,-7455.1,-87.71%,❌亏损,BUFF
